Entry	RefSeq
I1Z695	
Q0JA29	
Q2R2D5	
Q2R560	
Q5Z9N5	
Q658G7	
Q69JN6	
Q69SP5	
Q6Z4U4	
Q8RZV7	XP_015622428.1;
Q942F3	
G9LZD7	
Q67X31	
Q6K4T4	
Q6ZCZ2	
Q7F8Q9	
Q7G768	
A0A0N7KEX1	
A0A0P0UYB9	
A0A0P0VDQ9	
A0A0P0VGF4	
A0A0P0VGF8	
A0A0P0VM23	
A0A0P0WNS8	
A0A0P0WY19	
A0A0P0WYI2	
A0A0P0WYK8	
A0A0P0WYQ5	
A0A0P0X0A0	
A0A0P0X0C3	
A0A0P0X0K3	
A0A0P0XTU7	
A0A0P0XU58	
A0A0P0XZM1	
A0A0P0Y095	
A0A0P0Y2E2	
A0A0P0YA81	
A3BD37	
A3BG45	
B9A1H1	
B9FTY2	
B9G830	
B9GEB8	
C7J886	
Q0D699	
Q0D948	
Q0D9Y5	
Q0DZJ2	
Q0E3U9	
Q0JQL4	
Q10NK4	
Q10PM6	
Q2QLL2	
Q2R2D4	
Q2R2D7	
Q2R2D8	
Q2R9X8	
Q53P83	
Q53PC8	
Q53PC9	
Q5JN27	
Q5QMC8	
Q5VPA8	
Q5VQM7	
Q5Z666	
Q5Z7H5	
Q5ZD75	
Q67IS9	
Q67IT2	
Q67IT7	
Q69KC4	
Q6ETA1	
Q6H8C5	
Q6K7X3	
Q6YUZ6	
Q6YVY8	
Q6Z0A9	
Q6Z8Y3	
Q6ZAB7	
Q6ZGM3	
Q75J19	
Q7F702	
Q7XPI1	
A0A0N7KIH8	
A0A0N7KL44	
A0A0N7KQP7	
A0A0P0UXP2	
A0A0P0V9F1	
A0A0P0V9M1	
A0A0P0VB32	
A0A0P0VBZ8	
A0A0P0VD20	
A0A0P0VEY1	
A0A0P0VEZ5	
A0A0P0VF39	
A0A0P0VFH0	
A0A0P0VGF0	
A0A0P0VLL4	
A0A0P0VSY6	
A0A0P0W7S1	
A0A0P0W899	
A0A0P0WET4	
A0A0P0WFL8	
A0A0P0WFW7	
A0A0P0WJV8	
A0A0P0WKH3	
A0A0P0WPP1	
A0A0P0WPZ4	
A0A0P0WTB4	
A0A0P0WTL7	
A0A0P0WY62	
A0A0P0X077	
A0A0P0X1N0	
A0A0P0X8E5	
A0A0P0XAN1	
A0A0P0XDF8	
A0A0P0XG73	
A0A0P0XMC8	
A0A0P0XS56	
A0A0P0XVI7	
A0A0P0Y0Y5	
A0A0P0Y1D3	
A0A0P0Y3G5	
A0A0P0Y5Z4	
A0A0P0Y8G5	
A0A0P0YBK6	
A0A0P0YE31	
B7EKU2	
B7F2I6	
B7F430	XP_015630964.1;
B7F441	
B7F492	XP_015646879.1;
B7F9F7	
B7F9M5	
B7FAC9	
B9F0I4	
B9F819	
B9FZ87	
B9GBF3	
C7J9B0	
Q00KZ8	
Q0D4M3	
Q0D7V2	
Q0DB95	
Q0DEU2	
Q0DH82	
Q0DN56	
Q0DZD2	
Q0ITI9	
Q0IZN0	
Q0J1Z3	
Q0J4S7	
Q0JCL6	
Q0JF76	
Q0JFW9	
Q0JK65	
Q0JPG8	
Q10LW3	
Q10LZ2	
Q10QT7	
Q2QLQ5	
Q2QW32	
Q2QWU6	
Q2QYY2	
Q2R0X3	
Q2R0Y6	
Q2R1F3	
Q2R915	
Q2RBQ5	
Q337M0	
Q53MD2	
Q53ME4	
Q5JKV6	
Q5JKV7	
Q5VQL9	
Q5W675	
Q5ZBN0	
Q65X96	
Q66RK3	
Q67IT5	
Q67WE5	
Q69K60	
Q69UH7	
Q6ATX3	
Q6EQK1	
Q6EUQ1	
Q6H5Y1	
Q6H5Y7	
Q6H845	
Q6K3W2	
Q6YT77	
Q6YUU3	
Q6YW99	
Q6Z8R5	
Q6ZDZ0	
Q6ZKW6	
Q6ZKW7	
Q6ZLK5	
Q75GM0	
Q7EYF8	
Q7F0P5	
Q7X616	
Q7XBA0	
Q7XMQ6	
Q7XR24	
Q7XTP6	
Q7XUF9	
Q7XZX3	
Q84P72	
Q84VG3	
Q8GVW0	
Q8H811	
Q8L3T4	
Q8LI36	
Q8RU46	
Q8S5V3	
Q9ARQ7	
Q9ASD8	
A0A0N7KKF3	
A0A0N7KKZ0	
A0A0P0V4D1	
A0A0P0V9I5	
A0A0P0VEZ2	
A0A0P0VG12	
A0A0P0VYC3	
A0A0P0W3C8	
A0A0P0WK53	
A0A0P0WXJ8	
A0A0P0WZK4	
A0A0P0XEQ9	
A0A0P0XLU7	
A0A0P0XU73	
A0A0P0XYA2	
A0A0P0Y5I3	
A0A0P0Y5L0	
A0A0P0Y746	
B7E521	
B7E8H9	
B7EAL3	
B7EAL6	
B7EDR3	
B7EDW6	
B7EE85	
B7EEY1	
B7EFD4	
B7EFG1	
B7EFG4	
B7EG80	
B7EJA4	
B7EKN6	
B7EMC9	
B7EPJ7	
B7EPK8	
B7EPU4	
B7EPY4	
B7EPZ4	
B7EQC7	
B7EQD5	
B7EQJ7	
B7EQN7	
B7EQW4	
B7ERA5	
B7ERF1	
B7ESN8	
B7ETK2	
B7ETZ8	
B7EU25	
B7EUD8	
B7EZ92	
B7F3U1	
B7F3V3	
B7F3X3	
B7F400	
B7F401	
B7F414	
B7F416	
B7F418	
B7F422	
B7F463	
B7F479	
B7F4F4	
B7F4J5	
B7F5I2	
B7F6F2	
B7F7Y6	
B7F8D7	
B7F8S7	
B7F9M3	
B7F9M4	
B7F9N8	
B7FAH9	
B7FAI2	
B7FAK5	
B7FAL8	
Q0IYV8	
Q0J3L9	
Q0JI63	
Q0JMC4	
Q0JPR8	
Q10LT7	
Q18PR5	
Q53M68	
Q53P27	
Q5VQL8	
Q5WMR4	
Q67V40	
Q6YXY8	
Q6Z3S1	
Q6Z8R6	
Q6ZG00	
Q75GV0	
Q7E0Y4	
Q7F1K6	
Q8L4U4	
