protein_id,length,n_windows,last_window_start,residues_lost_by_truncation,source
F4JNB7,1449,2,427,427,anchor
Q9XGM3,1217,2,195,195,anchor
Q9FL28,1173,2,151,151,anchor
Q40392,1144,2,122,122,anchor
Q2R2D5,1037,2,15,15,anchor
C0LGT6,1031,2,9,9,anchor
XP_015622419.1,5490,10,4468,4468,proteome
XP_015614135.1,5383,10,4361,4361,proteome
XP_015614136.1,5381,10,4359,4359,proteome
XP_015611300.2,5023,9,4001,4001,proteome
XP_015635451.1,4737,9,3715,3715,proteome
XP_015642454.1,4403,8,3381,3381,proteome
XP_015642455.1,4403,8,3381,3381,proteome
XP_015642456.1,4403,8,3381,3381,proteome
XP_015642458.1,4374,8,3352,3352,proteome
XP_025876131.1,4250,8,3228,3228,proteome
XP_015611615.1,4246,8,3224,3224,proteome
XP_025876132.1,4223,8,3201,3201,proteome
XP_015625353.1,4214,8,3192,3192,proteome
XP_015614067.1,4195,8,3173,3173,proteome
XP_025876572.1,4082,7,3060,3060,proteome
XP_025876133.1,4062,7,3040,3040,proteome
XP_015614068.1,4037,7,3015,3015,proteome
XP_025876134.1,3959,7,2937,2937,proteome
XP_025876135.1,3874,7,2852,2852,proteome
XP_015646473.1,3870,7,2848,2848,proteome
XP_015625354.1,3824,7,2802,2802,proteome
XP_015611506.1,3716,7,2694,2694,proteome
XP_015611507.1,3715,7,2693,2693,proteome
XP_015629804.1,3715,7,2693,2693,proteome
XP_015629805.1,3715,7,2693,2693,proteome
XP_015629806.1,3715,7,2693,2693,proteome
XP_015629808.1,3715,7,2693,2693,proteome
XP_015611508.1,3680,7,2658,2658,proteome
XP_015619405.1,3645,7,2623,2623,proteome
XP_015630506.1,3590,7,2568,2568,proteome
XP_025879595.1,3484,6,2462,2462,proteome
XP_015649857.1,3408,6,2386,2386,proteome
XP_015625230.1,3242,6,2220,2220,proteome
XP_015625231.1,3241,6,2219,2219,proteome
XP_015625232.1,3214,6,2192,2192,proteome
XP_025881944.1,3202,6,2180,2180,proteome
XP_025881945.1,3201,6,2179,2179,proteome
XP_015619929.1,3187,6,2165,2165,proteome
XP_015625233.1,3185,6,2163,2163,proteome
XP_015643664.1,3115,6,2093,2093,proteome
XP_015650020.1,3092,6,2070,2070,proteome
XP_015650029.1,3092,6,2070,2070,proteome
XP_015650038.1,3091,6,2069,2069,proteome
XP_015650045.1,3089,6,2067,2067,proteome
XP_015650052.1,3088,6,2066,2066,proteome
XP_015625112.1,3040,5,2018,2018,proteome
XP_015615410.1,2995,5,1973,1973,proteome
XP_015615417.1,2965,5,1943,1943,proteome
XP_025876314.1,2928,5,1906,1906,proteome
XP_015635442.1,2890,5,1868,1868,proteome
XP_015622645.1,2866,5,1844,1844,proteome
XP_015622646.1,2865,5,1843,1843,proteome
XP_015630850.1,2828,5,1806,1806,proteome
XP_015618560.1,2802,5,1780,1780,proteome
XP_015618562.1,2801,5,1779,1779,proteome
XP_015643665.1,2796,5,1774,1774,proteome
XP_025881946.1,2756,5,1734,1734,proteome
XP_025881947.1,2756,5,1734,1734,proteome
XP_015635403.1,2738,5,1716,1716,proteome
XP_015643715.1,2710,5,1688,1688,proteome
XP_025881948.1,2703,5,1681,1681,proteome
XP_025881949.1,2703,5,1681,1681,proteome
XP_015643666.1,2699,5,1677,1677,proteome
XP_025881950.1,2699,5,1677,1677,proteome
XP_025876325.1,2698,5,1676,1676,proteome
XP_015616394.1,2688,5,1666,1666,proteome
XP_025878909.1,2666,5,1644,1644,proteome
XP_015636134.1,2641,5,1619,1619,proteome
XP_015636135.1,2641,5,1619,1619,proteome
XP_015636136.1,2640,5,1618,1618,proteome
XP_015625288.1,2637,5,1615,1615,proteome
XP_015624718.1,2634,5,1612,1612,proteome
XP_015630633.1,2629,5,1607,1607,proteome
XP_015630606.1,2625,5,1603,1603,proteome
XP_015632761.1,2614,5,1592,1592,proteome
XP_015614014.1,2583,5,1561,1561,proteome
XP_025881977.1,2575,5,1553,1553,proteome
XP_015630636.2,2574,5,1552,1552,proteome
XP_025881504.1,2557,5,1535,1535,proteome
XP_015618390.2,2530,4,1508,1508,proteome
XP_015630890.1,2530,4,1508,1508,proteome
XP_025879798.1,2530,4,1508,1508,proteome
XP_015610642.1,2505,4,1483,1483,proteome
XP_025879022.1,2498,4,1476,1476,proteome
XP_025878910.1,2481,4,1459,1459,proteome
XP_025882603.1,2470,4,1448,1448,proteome
XP_015615432.1,2469,4,1447,1447,proteome
XP_015639567.1,2465,4,1443,1443,proteome
XP_015615969.1,2464,4,1442,1442,proteome
XP_015615157.1,2458,4,1436,1436,proteome
XP_015619715.1,2453,4,1431,1431,proteome
XP_015615164.1,2432,4,1410,1410,proteome
XP_025882605.1,2432,4,1410,1410,proteome
XP_015615977.1,2426,4,1404,1404,proteome
XP_015636097.1,2414,4,1392,1392,proteome
XP_015636098.1,2414,4,1392,1392,proteome
XP_015636099.1,2414,4,1392,1392,proteome
XP_015636100.1,2414,4,1392,1392,proteome
XP_015614203.1,2413,4,1391,1391,proteome
XP_025876788.1,2388,4,1366,1366,proteome
XP_015616271.1,2387,4,1365,1365,proteome
XP_015616276.1,2384,4,1362,1362,proteome
XP_015642864.2,2371,4,1349,1349,proteome
XP_015639300.1,2363,4,1341,1341,proteome
XP_015619716.1,2342,4,1320,1320,proteome
XP_015643214.1,2337,4,1315,1315,proteome
XP_015616281.1,2331,4,1309,1309,proteome
XP_015639213.1,2327,4,1305,1305,proteome
XP_015632762.1,2298,4,1276,1276,proteome
XP_015630637.1,2294,4,1272,1272,proteome
XP_015630356.1,2289,4,1267,1267,proteome
XP_015630357.1,2287,4,1265,1265,proteome
XP_025881505.1,2283,4,1261,1261,proteome
XP_015616287.1,2275,4,1253,1253,proteome
XP_025876262.1,2275,4,1253,1253,proteome
XP_015614129.1,2267,4,1245,1245,proteome
XP_015614130.1,2267,4,1245,1245,proteome
XP_025876681.1,2267,4,1245,1245,proteome
XP_025877587.1,2265,4,1243,1243,proteome
XP_015643211.1,2263,4,1241,1241,proteome
XP_015643212.1,2262,4,1240,1240,proteome
XP_015649923.1,2260,4,1238,1238,proteome
XP_015646594.1,2259,4,1237,1237,proteome
XP_015646595.1,2259,4,1237,1237,proteome
XP_015646596.1,2259,4,1237,1237,proteome
XP_015646597.1,2259,4,1237,1237,proteome
XP_015646598.1,2259,4,1237,1237,proteome
XP_015616291.1,2253,4,1231,1231,proteome
XP_015626143.1,2241,4,1219,1219,proteome
XP_015626144.1,2240,4,1218,1218,proteome
XP_015616293.1,2219,4,1197,1197,proteome
XP_015623163.1,2218,4,1196,1196,proteome
XP_025882809.1,2201,4,1179,1179,proteome
XP_015646668.1,2200,4,1178,1178,proteome
XP_015614331.1,2199,4,1177,1177,proteome
XP_015630695.1,2199,4,1177,1177,proteome
XP_015643716.1,2199,4,1177,1177,proteome
XP_025880037.1,2199,4,1177,1177,proteome
XP_025880038.1,2199,4,1177,1177,proteome
XP_015625274.1,2197,4,1175,1175,proteome
XP_015610666.1,2188,4,1166,1166,proteome
XP_015640407.1,2188,4,1166,1166,proteome
XP_015625183.1,2177,4,1155,1155,proteome
XP_025881508.1,2177,4,1155,1155,proteome
XP_025881509.1,2176,4,1154,1154,proteome
XP_015631545.1,2167,4,1145,1145,proteome
XP_015649242.1,2167,4,1145,1145,proteome
XP_015616299.1,2163,4,1141,1141,proteome
XP_015625425.1,2162,4,1140,1140,proteome
XP_015625426.1,2162,4,1140,1140,proteome
XP_015650009.1,2162,4,1140,1140,proteome
XP_025878634.1,2162,4,1140,1140,proteome
XP_015636082.1,2158,4,1136,1136,proteome
XP_025880305.1,2158,4,1136,1136,proteome
XP_015625723.1,2153,4,1131,1131,proteome
XP_015625429.1,2150,4,1128,1128,proteome
XP_015617271.1,2138,4,1116,1116,proteome
XP_015643045.1,2137,4,1115,1115,proteome
XP_015619226.1,2135,4,1113,1113,proteome
XP_015625332.1,2133,4,1111,1111,proteome
XP_015643423.1,2133,4,1111,1111,proteome
XP_015643424.1,2133,4,1111,1111,proteome
XP_015625333.1,2132,4,1110,1110,proteome
XP_015635467.2,2121,4,1099,1099,proteome
XP_015614246.1,2117,4,1095,1095,proteome
XP_015643213.1,2108,4,1086,1086,proteome
XP_015616303.1,2107,4,1085,1085,proteome
XP_015610673.1,2101,4,1079,1079,proteome
XP_015631167.1,2097,4,1075,1075,proteome
XP_015629947.1,2083,4,1061,1061,proteome
XP_015619406.1,2070,4,1048,1048,proteome
XP_015619407.1,2070,4,1048,1048,proteome
XP_015643042.1,2070,4,1048,1048,proteome
XP_025877669.1,2070,4,1048,1048,proteome
XP_015643043.1,2068,4,1046,1046,proteome
XP_015650803.1,2062,4,1040,1040,proteome
XP_015616308.1,2061,4,1039,1039,proteome
XP_015616315.1,2051,4,1029,1029,proteome
XP_015643215.1,2051,4,1029,1029,proteome
XP_015632082.1,2050,4,1028,1028,proteome
XP_015632083.1,2049,4,1027,1027,proteome
XP_025878605.1,2049,4,1027,1027,proteome
XP_025878606.1,2049,4,1027,1027,proteome
XP_025880306.1,2046,4,1024,1024,proteome
XP_015632084.1,2045,4,1023,1023,proteome
XP_015625604.1,2044,3,1022,1022,proteome
XP_025882610.1,2042,3,1020,1020,proteome
XP_015614104.1,2040,3,1018,1018,proteome
XP_015614105.1,2039,3,1017,1017,proteome
XP_015614106.1,2036,3,1014,1014,proteome
XP_015625576.1,2034,3,1012,1012,proteome
XP_025879020.1,2034,3,1012,1012,proteome
XP_015614081.1,2033,3,1011,1011,proteome
XP_015625577.1,2033,3,1011,1011,proteome
XP_025879820.1,2027,3,1005,1005,proteome
XP_015616777.1,1998,3,976,976,proteome
XP_015616781.1,1997,3,975,975,proteome
XP_015626962.1,1996,3,974,974,proteome
XP_015631516.1,1977,3,955,955,proteome
XP_025879821.1,1976,3,954,954,proteome
XP_025876569.1,1972,3,950,950,proteome
XP_015644576.1,1970,3,948,948,proteome
XP_015624612.1,1969,3,947,947,proteome
XP_015614533.1,1968,3,946,946,proteome
XP_015644577.1,1967,3,945,945,proteome
XP_015611607.1,1965,3,943,943,proteome
XP_015611608.1,1964,3,942,942,proteome
XP_015625443.1,1962,3,940,940,proteome
XP_015643901.2,1960,3,938,938,proteome
XP_015642508.1,1959,3,937,937,proteome
XP_025882277.1,1959,3,937,937,proteome
XP_015650531.1,1952,3,930,930,proteome
XP_015650539.1,1952,3,930,930,proteome
XP_025879893.1,1946,3,924,924,proteome
XP_025882613.1,1945,3,923,923,proteome
XP_015631635.1,1940,3,918,918,proteome
XP_015631168.1,1934,3,912,912,proteome
XP_015646988.1,1933,3,911,911,proteome
XP_015626027.1,1927,3,905,905,proteome
XP_015626028.1,1927,3,905,905,proteome
XP_015626029.1,1927,3,905,905,proteome
XP_015626030.1,1927,3,905,905,proteome
XP_025878772.1,1927,3,905,905,proteome
XP_025879428.1,1925,3,903,903,proteome
XP_015612699.1,1921,3,899,899,proteome
XP_015643194.1,1919,3,897,897,proteome
XP_025881570.1,1919,3,897,897,proteome
XP_015613872.1,1913,3,891,891,proteome
XP_025876141.1,1913,3,891,891,proteome
XP_015639680.1,1912,3,890,890,proteome
XP_015639681.1,1912,3,890,890,proteome
XP_015639682.1,1912,3,890,890,proteome
XP_015639683.1,1912,3,890,890,proteome
XP_015643114.1,1908,3,886,886,proteome
XP_015651374.1,1908,3,886,886,proteome
XP_015630625.1,1906,3,884,884,proteome
XP_015621615.1,1905,3,883,883,proteome
XP_015647230.1,1905,3,883,883,proteome
XP_015649734.1,1903,3,881,881,proteome
XP_015614399.1,1899,3,877,877,proteome
XP_015617107.1,1895,3,873,873,proteome
XP_015630428.1,1892,3,870,870,proteome
XP_015617236.1,1888,3,866,866,proteome
XP_015649735.1,1885,3,863,863,proteome
XP_025882351.1,1884,3,862,862,proteome
XP_015643034.1,1879,3,857,857,proteome
XP_025876436.1,1871,3,849,849,proteome
XP_015639222.1,1867,3,845,845,proteome
XP_015639223.1,1867,3,845,845,proteome
XP_015639225.1,1867,3,845,845,proteome
XP_015639226.1,1867,3,845,845,proteome
XP_015639227.1,1866,3,844,844,proteome
XP_015636003.1,1863,3,841,841,proteome
XP_015625334.1,1862,3,840,840,proteome
XP_015616412.1,1856,3,834,834,proteome
XP_015639400.1,1855,3,833,833,proteome
XP_015649819.1,1855,3,833,833,proteome
XP_015635613.1,1854,3,832,832,proteome
XP_015635614.1,1854,3,832,832,proteome
XP_015635615.1,1854,3,832,832,proteome
XP_015639401.1,1854,3,832,832,proteome
XP_015626018.1,1849,3,827,827,proteome
XP_015635616.1,1849,3,827,827,proteome
XP_015647996.1,1842,3,820,820,proteome
XP_015639228.1,1840,3,818,818,proteome
XP_015647120.1,1839,3,817,817,proteome
XP_015649247.1,1838,3,816,816,proteome
XP_015625518.1,1837,3,815,815,proteome
XP_015631338.1,1835,3,813,813,proteome
XP_015625166.1,1834,3,812,812,proteome
XP_015638336.1,1834,3,812,812,proteome
XP_015614418.1,1832,3,810,810,proteome
XP_025876464.1,1832,3,810,810,proteome
XP_015649930.1,1831,3,809,809,proteome
XP_015611529.1,1825,3,803,803,proteome
XP_015636007.1,1821,3,799,799,proteome
XP_015619968.1,1819,3,797,797,proteome
XP_015640103.1,1817,3,795,795,proteome
XP_015631729.1,1816,3,794,794,proteome
XP_015631730.1,1816,3,794,794,proteome
XP_015631731.1,1816,3,794,794,proteome
XP_015617073.1,1815,3,793,793,proteome
XP_015634942.1,1814,3,792,792,proteome
XP_015646814.1,1814,3,792,792,proteome
XP_015640367.1,1812,3,790,790,proteome
XP_015646815.1,1812,3,790,790,proteome
XP_015640368.1,1811,3,789,789,proteome
XP_015643264.1,1811,3,789,789,proteome
XP_015643080.1,1810,3,788,788,proteome
XP_015643265.1,1810,3,788,788,proteome
XP_015643266.1,1809,3,787,787,proteome
XP_015630499.1,1808,3,786,786,proteome
XP_015646816.1,1808,3,786,786,proteome
XP_015630500.1,1807,3,785,785,proteome
XP_015639385.1,1802,3,780,780,proteome
XP_015639386.1,1801,3,779,779,proteome
XP_015647121.1,1799,3,777,777,proteome
XP_015643425.1,1795,3,773,773,proteome
XP_015646496.1,1792,3,770,770,proteome
XP_015616625.1,1790,3,768,768,proteome
XP_015616631.1,1790,3,768,768,proteome
XP_015616637.1,1790,3,768,768,proteome
XP_015630656.1,1789,3,767,767,proteome
XP_025880043.1,1789,3,767,767,proteome
XP_015650668.1,1788,3,766,766,proteome
XP_015650669.1,1788,3,766,766,proteome
XP_015650670.1,1788,3,766,766,proteome
XP_015650671.1,1788,3,766,766,proteome
XP_015615751.1,1779,3,757,757,proteome
XP_015626109.1,1777,3,755,755,proteome
XP_025877579.1,1777,3,755,755,proteome
XP_015630767.1,1772,3,750,750,proteome
XP_015650712.1,1769,3,747,747,proteome
XP_015650719.1,1769,3,747,747,proteome
XP_015625813.1,1765,3,743,743,proteome
XP_025877668.1,1764,3,742,742,proteome
XP_015612986.2,1759,3,737,737,proteome
XP_015647184.1,1759,3,737,737,proteome
XP_015614386.1,1752,3,730,730,proteome
XP_015614387.1,1749,3,727,727,proteome
XP_015631653.1,1749,3,727,727,proteome
XP_015646567.1,1749,3,727,727,proteome
XP_015612126.1,1747,3,725,725,proteome
XP_015615760.1,1744,3,722,722,proteome
XP_015626964.1,1744,3,722,722,proteome
XP_015643540.1,1741,3,719,719,proteome
XP_015611937.1,1740,3,718,718,proteome
XP_015646509.1,1739,3,717,717,proteome
XP_025878395.1,1737,3,715,715,proteome
XP_015646510.1,1734,3,712,712,proteome
XP_015646613.1,1732,3,710,710,proteome
XP_015646688.1,1731,3,709,709,proteome
XP_015635737.1,1720,3,698,698,proteome
XP_015646817.1,1720,3,698,698,proteome
XP_015631655.1,1718,3,696,696,proteome
XP_015646883.1,1718,3,696,696,proteome
XP_015640385.1,1714,3,692,692,proteome
XP_015625488.1,1713,3,691,691,proteome
XP_015626291.1,1712,3,690,690,proteome
XP_025878559.1,1712,3,690,690,proteome
XP_015612987.2,1708,3,686,686,proteome
XP_015616901.1,1708,3,686,686,proteome
XP_015619821.1,1708,3,686,686,proteome
XP_015651375.1,1707,3,685,685,proteome
XP_015623583.1,1706,3,684,684,proteome
XP_015629583.1,1697,3,675,675,proteome
XP_015631598.1,1697,3,675,675,proteome
XP_015619908.1,1696,3,674,674,proteome
XP_015646801.1,1696,3,674,674,proteome
XP_025878396.1,1695,3,673,673,proteome
XP_025878519.1,1694,3,672,672,proteome
XP_015630645.1,1693,3,671,671,proteome
XP_015630646.1,1693,3,671,671,proteome
XP_015643267.1,1693,3,671,671,proteome
XP_015625316.1,1687,3,665,665,proteome
XP_015646867.1,1686,3,664,664,proteome
XP_015649922.1,1684,3,662,662,proteome
XP_015619909.1,1681,3,659,659,proteome
XP_015647373.1,1679,3,657,657,proteome
XP_025883058.1,1679,3,657,657,proteome
XP_015620016.1,1677,3,655,655,proteome
XP_025877692.1,1677,3,655,655,proteome
XP_015626292.1,1676,3,654,654,proteome
XP_025877693.1,1673,3,651,651,proteome
XP_015625243.1,1671,3,649,649,proteome
XP_015626425.1,1668,3,646,646,proteome
XP_015646868.1,1667,3,645,645,proteome
XP_015626295.1,1663,3,641,641,proteome
XP_015640369.1,1659,3,637,637,proteome
XP_015647374.1,1657,3,635,635,proteome
XP_015621462.1,1651,3,629,629,proteome
XP_015615307.1,1649,3,627,627,proteome
XP_015615308.1,1649,3,627,627,proteome
XP_015650904.1,1647,3,625,625,proteome
XP_025879788.1,1645,3,623,623,proteome
XP_025881163.1,1645,3,623,623,proteome
XP_025881164.1,1645,3,623,623,proteome
XP_015615597.1,1644,3,622,622,proteome
XP_025877499.1,1644,3,622,622,proteome
XP_015615442.1,1643,3,621,621,proteome
XP_015626965.1,1643,3,621,621,proteome
XP_015639441.1,1639,3,617,617,proteome
XP_015625607.1,1638,3,616,616,proteome
XP_015638707.1,1637,3,615,615,proteome
XP_015636293.1,1631,3,609,609,proteome
XP_015650196.1,1630,3,608,608,proteome
XP_025876707.1,1630,3,608,608,proteome
XP_015611864.1,1629,3,607,607,proteome
XP_015635452.1,1628,3,606,606,proteome
XP_015635453.1,1628,3,606,606,proteome
XP_015636212.1,1628,3,606,606,proteome
XP_015611938.1,1627,3,605,605,proteome
XP_015613561.1,1627,3,605,605,proteome
XP_015613597.1,1627,3,605,605,proteome
XP_015639126.1,1627,3,605,605,proteome
XP_015639127.1,1627,3,605,605,proteome
XP_015639128.1,1627,3,605,605,proteome
XP_015639129.1,1627,3,605,605,proteome
XP_015646968.1,1627,3,605,605,proteome
XP_015643668.1,1625,3,603,603,proteome
XP_025880760.1,1625,3,603,603,proteome
XP_015621345.1,1621,3,599,599,proteome
XP_015621346.1,1621,3,599,599,proteome
XP_015621347.1,1621,3,599,599,proteome
XP_025879725.1,1621,3,599,599,proteome
XP_015620797.1,1620,3,598,598,proteome
XP_015625114.1,1620,3,598,598,proteome
XP_015625154.1,1620,3,598,598,proteome
XP_015621349.1,1619,3,597,597,proteome
XP_015619298.1,1618,3,596,596,proteome
XP_015646712.1,1615,3,593,593,proteome
XP_015647185.1,1614,3,592,592,proteome
XP_015612403.1,1611,3,589,589,proteome
XP_015650089.1,1610,3,588,588,proteome
XP_015650090.1,1610,3,588,588,proteome
XP_015625495.1,1609,3,587,587,proteome
XP_015642842.1,1609,3,587,587,proteome
XP_015625835.1,1607,3,585,585,proteome
XP_015647122.1,1607,3,585,585,proteome
XP_015639328.1,1605,3,583,583,proteome
XP_025880706.1,1603,3,581,581,proteome
XP_015620787.1,1601,3,579,579,proteome
XP_015630968.1,1601,3,579,579,proteome
XP_015646825.1,1600,3,578,578,proteome
XP_015646826.1,1600,3,578,578,proteome
XP_015646827.1,1600,3,578,578,proteome
XP_015630969.1,1599,3,577,577,proteome
XP_015630970.1,1598,3,576,576,proteome
XP_025882908.1,1596,3,574,574,proteome
XP_015615309.1,1592,3,570,570,proteome
XP_015625115.1,1592,3,570,570,proteome
XP_015619951.1,1591,3,569,569,proteome
XP_015646618.1,1591,3,569,569,proteome
XP_015643572.1,1590,3,568,568,proteome
XP_025881840.1,1588,3,566,566,proteome
XP_015619246.1,1587,3,565,565,proteome
XP_015612581.1,1586,3,564,564,proteome
XP_025876633.1,1578,3,556,556,proteome
XP_015631656.1,1576,3,554,554,proteome
XP_015622733.1,1574,3,552,552,proteome
XP_015622741.1,1574,3,552,552,proteome
XP_015622757.1,1573,3,551,551,proteome
XP_015631480.1,1572,3,550,550,proteome
XP_015612988.1,1571,3,549,549,proteome
XP_015622765.1,1571,3,549,549,proteome
XP_015616421.1,1568,3,546,546,proteome
XP_015616425.1,1568,3,546,546,proteome
XP_015622774.1,1568,3,546,546,proteome
XP_025878753.1,1567,3,545,545,proteome
XP_015625836.1,1564,3,542,542,proteome
XP_015632959.1,1564,3,542,542,proteome
XP_015643573.1,1562,3,540,540,proteome
XP_015643649.1,1561,3,539,539,proteome
XP_025881568.1,1561,3,539,539,proteome
XP_015643879.1,1560,3,538,538,proteome
XP_015643880.1,1559,3,537,537,proteome
XP_025883431.1,1556,3,534,534,proteome
XP_025881016.1,1553,3,531,531,proteome
XP_015632960.1,1549,3,527,527,proteome
XP_015614229.1,1548,3,526,526,proteome
XP_025878733.1,1547,3,525,525,proteome
XP_015631657.1,1545,3,523,523,proteome
XP_015636722.1,1545,3,523,523,proteome
XP_015634895.1,1543,3,521,521,proteome
XP_015622781.1,1537,3,515,515,proteome
XP_015610677.1,1535,3,513,513,proteome
XP_015629944.1,1535,3,513,513,proteome
XP_015630618.1,1535,3,513,513,proteome
XP_015631683.1,1535,3,513,513,proteome
XP_015616525.1,1534,3,512,512,proteome
XP_015624973.1,1534,3,512,512,proteome
XP_015639719.1,1534,3,512,512,proteome
XP_015639720.1,1533,2,511,511,proteome
XP_015644837.1,1533,2,511,511,proteome
XP_015614896.1,1531,2,509,509,proteome
XP_015636105.2,1531,2,509,509,proteome
XP_015614905.1,1530,2,508,508,proteome
XP_015629946.1,1529,2,507,507,proteome
XP_015640977.1,1529,2,507,507,proteome
XP_015643066.1,1529,2,507,507,proteome
XP_015645008.1,1529,2,507,507,proteome
XP_015645009.1,1529,2,507,507,proteome
XP_025882910.1,1529,2,507,507,proteome
XP_015611347.1,1527,2,505,505,proteome
XP_015628332.1,1527,2,505,505,proteome
XP_015628333.1,1527,2,505,505,proteome
XP_025882078.1,1527,2,505,505,proteome
XP_015614230.1,1526,2,504,504,proteome
XP_015614913.1,1526,2,504,504,proteome
XP_015639139.1,1526,2,504,504,proteome
XP_015617677.1,1525,2,503,503,proteome
XP_015627338.1,1525,2,503,503,proteome
XP_015631406.1,1525,2,503,503,proteome
XP_025883091.1,1524,2,502,502,proteome
XP_015614231.1,1523,2,501,501,proteome
XP_025883092.1,1523,2,501,501,proteome
XP_015614069.1,1522,2,500,500,proteome
XP_015626733.1,1522,2,500,500,proteome
XP_015631031.2,1515,2,493,493,proteome
XP_015626058.1,1514,2,492,492,proteome
NP_039375.1,1513,2,491,491,proteome
XP_015614232.1,1513,2,491,491,proteome
XP_015636527.1,1512,2,490,490,proteome
XP_025883156.1,1512,2,490,490,proteome
XP_025876551.1,1511,2,489,489,proteome
XP_025876552.1,1511,2,489,489,proteome
XP_015625971.1,1510,2,488,488,proteome
XP_015626250.1,1508,2,486,486,proteome
XP_015613351.1,1506,2,484,484,proteome
XP_015617486.1,1505,2,483,483,proteome
XP_015630971.1,1505,2,483,483,proteome
XP_015626925.1,1504,2,482,482,proteome
XP_015630982.1,1504,2,482,482,proteome
XP_015643013.1,1504,2,482,482,proteome
XP_025877580.1,1504,2,482,482,proteome
XP_025878957.1,1504,2,482,482,proteome
XP_015611872.1,1503,2,481,481,proteome
XP_015626926.1,1502,2,480,480,proteome
XP_015631475.1,1502,2,480,480,proteome
XP_015640370.1,1500,2,478,478,proteome
XP_015644152.1,1494,2,472,472,proteome
XP_015644153.1,1494,2,472,472,proteome
XP_015644154.1,1494,2,472,472,proteome
XP_015644155.1,1494,2,472,472,proteome
XP_025878983.1,1494,2,472,472,proteome
XP_015645850.1,1492,2,470,470,proteome
XP_025882441.1,1492,2,470,470,proteome
XP_025882442.1,1492,2,470,470,proteome
XP_025878397.1,1491,2,469,469,proteome
XP_015639387.1,1490,2,468,468,proteome
XP_015644612.1,1489,2,467,467,proteome
XP_015630480.1,1487,2,465,465,proteome
XP_015639442.1,1487,2,465,465,proteome
XP_015625861.1,1486,2,464,464,proteome
XP_015639443.1,1486,2,464,464,proteome
XP_015625862.1,1485,2,463,463,proteome
XP_025879974.1,1485,2,463,463,proteome
XP_015643544.1,1483,2,461,461,proteome
XP_015644499.1,1483,2,461,461,proteome
XP_015644500.1,1483,2,461,461,proteome
XP_025876833.1,1483,2,461,461,proteome
XP_025881941.1,1483,2,461,461,proteome
XP_015630494.1,1482,2,460,460,proteome
XP_015616976.1,1480,2,458,458,proteome
XP_015619840.1,1480,2,458,458,proteome
XP_015620170.1,1480,2,458,458,proteome
XP_015644838.1,1480,2,458,458,proteome
XP_015614507.1,1478,2,456,456,proteome
XP_015614508.1,1478,2,456,456,proteome
XP_015641610.1,1478,2,456,456,proteome
XP_015641618.1,1478,2,456,456,proteome
XP_025882319.1,1478,2,456,456,proteome
XP_025882320.1,1478,2,456,456,proteome
XP_025882321.1,1478,2,456,456,proteome
XP_025882322.1,1478,2,456,456,proteome
XP_025882323.1,1478,2,456,456,proteome
XP_025882324.1,1478,2,456,456,proteome
XP_025882325.1,1478,2,456,456,proteome
XP_025882326.1,1478,2,456,456,proteome
XP_015614509.1,1476,2,454,454,proteome
XP_015639388.1,1475,2,453,453,proteome
XP_015643361.1,1475,2,453,453,proteome
XP_015644184.1,1475,2,453,453,proteome
XP_025883227.1,1475,2,453,453,proteome
XP_015637038.1,1473,2,451,451,proteome
XP_015641639.1,1473,2,451,451,proteome
XP_025882758.1,1473,2,451,451,proteome
XP_015618693.1,1472,2,450,450,proteome
XP_025880200.1,1471,2,449,449,proteome
XP_015632826.1,1470,2,448,448,proteome
XP_025882079.1,1469,2,447,447,proteome
XP_025882826.1,1468,2,446,446,proteome
XP_015611692.1,1467,2,445,445,proteome
XP_015621352.1,1467,2,445,445,proteome
XP_015627330.1,1467,2,445,445,proteome
XP_015637039.1,1467,2,445,445,proteome
XP_015611693.1,1466,2,444,444,proteome
XP_015611694.1,1466,2,444,444,proteome
XP_015637040.1,1466,2,444,444,proteome
XP_015637041.1,1466,2,444,444,proteome
XP_025883093.1,1466,2,444,444,proteome
XP_015611695.1,1465,2,443,443,proteome
XP_015637042.1,1465,2,443,443,proteome
XP_015620949.1,1464,2,442,442,proteome
XP_015638596.1,1464,2,442,442,proteome
XP_015621461.1,1463,2,441,441,proteome
XP_015625864.1,1463,2,441,441,proteome
XP_015649958.1,1463,2,441,441,proteome
XP_025882554.1,1463,2,441,441,proteome
XP_025882733.1,1463,2,441,441,proteome
XP_015627825.1,1462,2,440,440,proteome
XP_015649277.1,1462,2,440,440,proteome
XP_015643574.1,1461,2,439,439,proteome
XP_015643575.1,1461,2,439,439,proteome
XP_015643576.1,1461,2,439,439,proteome
XP_015630681.1,1459,2,437,437,proteome
XP_015637337.2,1459,2,437,437,proteome
XP_015643296.1,1459,2,437,437,proteome
XP_015643466.1,1457,2,435,435,proteome
XP_015648322.1,1457,2,435,435,proteome
XP_015617137.1,1456,2,434,434,proteome
XP_015650488.1,1456,2,434,434,proteome
XP_015631609.1,1455,2,433,433,proteome
XP_015646575.1,1454,2,432,432,proteome
XP_015648358.2,1454,2,432,432,proteome
XP_015619841.1,1453,2,431,431,proteome
XP_015622300.1,1451,2,429,429,proteome
XP_015625801.1,1450,2,428,428,proteome
XP_015648329.1,1450,2,428,428,proteome
XP_025878644.1,1450,2,428,428,proteome
XP_015614030.1,1449,2,427,427,proteome
XP_015626154.1,1449,2,427,427,proteome
XP_015626628.1,1449,2,427,427,proteome
XP_015614484.1,1447,2,425,425,proteome
XP_015646895.1,1447,2,425,425,proteome
XP_025876620.1,1447,2,425,425,proteome
XP_015611955.1,1446,2,424,424,proteome
XP_015619689.1,1445,2,423,423,proteome
XP_015640539.1,1445,2,423,423,proteome
XP_015640540.1,1445,2,423,423,proteome
XP_015640542.1,1445,2,423,423,proteome
XP_015640543.1,1445,2,423,423,proteome
XP_025877789.1,1445,2,423,423,proteome
XP_025876995.1,1444,2,422,422,proteome
XP_015636048.1,1443,2,421,421,proteome
XP_015620807.2,1442,2,420,420,proteome
XP_015630483.1,1442,2,420,420,proteome
XP_015638760.2,1442,2,420,420,proteome
XP_015644069.1,1442,2,420,420,proteome
XP_015644070.1,1442,2,420,420,proteome
XP_015644072.1,1442,2,420,420,proteome
XP_015644073.1,1442,2,420,420,proteome
XP_015644074.1,1442,2,420,420,proteome
XP_015644075.1,1442,2,420,420,proteome
XP_015644076.1,1442,2,420,420,proteome
XP_015644077.1,1442,2,420,420,proteome
XP_015644078.1,1442,2,420,420,proteome
XP_015647216.1,1442,2,420,420,proteome
XP_015616248.1,1441,2,419,419,proteome
XP_015626248.1,1441,2,419,419,proteome
XP_015635739.1,1441,2,419,419,proteome
XP_015648215.1,1441,2,419,419,proteome
XP_015630446.1,1440,2,418,418,proteome
XP_015630448.1,1440,2,418,418,proteome
XP_015635740.1,1440,2,418,418,proteome
XP_015636294.1,1440,2,418,418,proteome
XP_015650039.1,1440,2,418,418,proteome
XP_015619842.1,1439,2,417,417,proteome
XP_015623860.2,1439,2,417,417,proteome
XP_015623861.2,1439,2,417,417,proteome
XP_015623862.2,1439,2,417,417,proteome
XP_015636403.1,1439,2,417,417,proteome
XP_015613197.1,1438,2,416,416,proteome
XP_015636153.1,1436,2,414,414,proteome
XP_015626414.1,1435,2,413,413,proteome
XP_015637140.1,1435,2,413,413,proteome
XP_015614346.1,1434,2,412,412,proteome
XP_015640410.1,1434,2,412,412,proteome
XP_015615786.1,1431,2,409,409,proteome
XP_015616323.1,1431,2,409,409,proteome
XP_015611135.1,1430,2,408,408,proteome
XP_015611136.1,1430,2,408,408,proteome
XP_015649667.1,1428,2,406,406,proteome
XP_025875731.1,1428,2,406,406,proteome
XP_015610794.1,1427,2,405,405,proteome
XP_015635741.1,1427,2,405,405,proteome
XP_015625140.1,1426,2,404,404,proteome
XP_015625802.1,1426,2,404,404,proteome
XP_025878739.1,1425,2,403,403,proteome
XP_015625789.1,1424,2,402,402,proteome
XP_025877467.1,1424,2,402,402,proteome
XP_015614539.1,1423,2,401,401,proteome
XP_015640012.1,1423,2,401,401,proteome
XP_015617351.1,1422,2,400,400,proteome
XP_015647644.1,1421,2,399,399,proteome
XP_015617310.1,1420,2,398,398,proteome
XP_015617627.1,1419,2,397,397,proteome
XP_015643545.1,1419,2,397,397,proteome
XP_015613499.1,1418,2,396,396,proteome
XP_015617775.1,1418,2,396,396,proteome
XP_015617776.1,1418,2,396,396,proteome
XP_015617777.1,1418,2,396,396,proteome
XP_015644707.1,1417,2,395,395,proteome
XP_015621098.1,1415,2,393,393,proteome
XP_015640094.1,1415,2,393,393,proteome
XP_015640095.1,1415,2,393,393,proteome
XP_015640096.1,1415,2,393,393,proteome
XP_025881423.1,1415,2,393,393,proteome
XP_025882971.1,1414,2,392,392,proteome
XP_015639301.1,1412,2,390,390,proteome
XP_015630569.1,1411,2,389,389,proteome
XP_015630302.1,1410,2,388,388,proteome
XP_015630801.1,1410,2,388,388,proteome
XP_015635165.1,1407,2,385,385,proteome
XP_015618069.1,1406,2,384,384,proteome
XP_025880804.1,1405,2,383,383,proteome
XP_015621918.1,1404,2,382,382,proteome
XP_015622326.1,1403,2,381,381,proteome
XP_025877788.1,1403,2,381,381,proteome
XP_015621713.1,1402,2,380,380,proteome
XP_015615518.1,1401,2,379,379,proteome
XP_025877497.1,1401,2,379,379,proteome
XP_025878740.1,1401,2,379,379,proteome
XP_015617234.1,1399,2,377,377,proteome
XP_015617272.1,1398,2,376,376,proteome
XP_015647218.1,1398,2,376,376,proteome
XP_015617273.1,1397,2,375,375,proteome
XP_015641010.1,1397,2,375,375,proteome
XP_015646675.1,1396,2,374,374,proteome
XP_015646113.2,1395,2,373,373,proteome
XP_015622635.1,1394,2,372,372,proteome
XP_015622636.1,1394,2,372,372,proteome
XP_015639302.1,1394,2,372,372,proteome
XP_015635381.1,1393,2,371,371,proteome
XP_015648337.1,1393,2,371,371,proteome
XP_015647448.1,1392,2,370,370,proteome
XP_015646871.1,1390,2,368,368,proteome
XP_025882199.1,1390,2,368,368,proteome
XP_015620215.1,1388,2,366,366,proteome
XP_015622788.1,1388,2,366,366,proteome
XP_015630683.1,1388,2,366,366,proteome
XP_015651156.1,1388,2,366,366,proteome
XP_015617116.1,1387,2,365,365,proteome
XP_015617117.1,1387,2,365,365,proteome
XP_025878398.1,1387,2,365,365,proteome
XP_025880259.1,1387,2,365,365,proteome
XP_015636431.1,1383,2,361,361,proteome
XP_015637141.1,1383,2,361,361,proteome
XP_015642840.1,1383,2,361,361,proteome
XP_015625959.2,1382,2,360,360,proteome
XP_025878676.1,1382,2,360,360,proteome
XP_015625960.2,1381,2,359,359,proteome
XP_015636288.1,1381,2,359,359,proteome
XP_015639568.1,1378,2,356,356,proteome
XP_015611517.1,1377,2,355,355,proteome
XP_015611827.1,1377,2,355,355,proteome
XP_015617299.1,1377,2,355,355,proteome
XP_015626830.1,1376,2,354,354,proteome
XP_015642841.1,1376,2,354,354,proteome
XP_015643243.1,1375,2,353,353,proteome
XP_015620039.1,1371,2,349,349,proteome
XP_015618070.1,1370,2,348,348,proteome
XP_025882721.1,1370,2,348,348,proteome
XP_015626519.1,1369,2,347,347,proteome
XP_015626520.1,1369,2,347,347,proteome
XP_015626527.1,1369,2,347,347,proteome
XP_015626529.1,1369,2,347,347,proteome
XP_015626530.1,1369,2,347,347,proteome
XP_015630851.1,1369,2,347,347,proteome
XP_015636205.1,1369,2,347,347,proteome
XP_015636206.1,1369,2,347,347,proteome
XP_015636699.1,1369,2,347,347,proteome
XP_025878737.1,1369,2,347,347,proteome
XP_025878738.1,1369,2,347,347,proteome
XP_015630303.1,1368,2,346,346,proteome
XP_015612757.1,1367,2,345,345,proteome
XP_015612789.1,1367,2,345,345,proteome
XP_015620626.1,1366,2,344,344,proteome
XP_015647063.1,1366,2,344,344,proteome
XP_015647219.1,1365,2,343,343,proteome
XP_015647269.1,1365,2,343,343,proteome
XP_015647742.1,1365,2,343,343,proteome
XP_025882813.1,1365,2,343,343,proteome
XP_015618697.1,1364,2,342,342,proteome
XP_015618698.1,1364,2,342,342,proteome
XP_015635745.1,1364,2,342,342,proteome
XP_015648506.1,1364,2,342,342,proteome
XP_025875710.1,1364,2,342,342,proteome
XP_015617118.1,1363,2,341,341,proteome
XP_015631591.1,1363,2,341,341,proteome
XP_015617158.1,1362,2,340,340,proteome
XP_015614107.1,1361,2,339,339,proteome
XP_015614108.1,1361,2,339,339,proteome
XP_015617159.1,1361,2,339,339,proteome
XP_025876634.1,1361,2,339,339,proteome
XP_015620076.1,1360,2,338,338,proteome
XP_025876635.1,1360,2,338,338,proteome
XP_015620077.1,1359,2,337,337,proteome
XP_015621183.1,1359,2,337,337,proteome
XP_015625917.1,1359,2,337,337,proteome
XP_015625918.1,1359,2,337,337,proteome
XP_015649924.1,1359,2,337,337,proteome
XP_015614946.1,1358,2,336,336,proteome
XP_015617119.1,1358,2,336,336,proteome
XP_015635488.1,1358,2,336,336,proteome
XP_015635489.1,1357,2,335,335,proteome
XP_025879118.1,1357,2,335,335,proteome
XP_015630438.1,1356,2,334,334,proteome
XP_015638473.2,1356,2,334,334,proteome
XP_015630439.1,1355,2,333,333,proteome
XP_015635490.1,1355,2,333,333,proteome
XP_015647064.1,1355,2,333,333,proteome
XP_015635491.1,1354,2,332,332,proteome
XP_015643095.1,1354,2,332,332,proteome
XP_015638769.1,1353,2,331,331,proteome
XP_025882080.1,1352,2,330,330,proteome
XP_015617120.1,1351,2,329,329,proteome
XP_015617011.1,1350,2,328,328,proteome
XP_015649925.1,1350,2,328,328,proteome
XP_015614071.1,1349,2,327,327,proteome
XP_015617414.1,1349,2,327,327,proteome
XP_015617416.1,1349,2,327,327,proteome
XP_015617417.1,1349,2,327,327,proteome
XP_015617418.1,1349,2,327,327,proteome
XP_015617419.1,1349,2,327,327,proteome
XP_025876967.1,1349,2,327,327,proteome
XP_025878724.1,1348,2,326,326,proteome
XP_015617420.1,1347,2,325,325,proteome
XP_025875711.1,1347,2,325,325,proteome
XP_025877172.1,1347,2,325,325,proteome
XP_015618260.1,1346,2,324,324,proteome
XP_015618261.1,1346,2,324,324,proteome
XP_015640333.1,1346,2,324,324,proteome
XP_025880789.1,1345,2,323,323,proteome
XP_025882720.1,1345,2,323,323,proteome
XP_015621099.1,1344,2,322,322,proteome
XP_015621100.1,1344,2,322,322,proteome
XP_015621101.1,1344,2,322,322,proteome
XP_015650392.1,1344,2,322,322,proteome
XP_015615540.1,1343,2,321,321,proteome
XP_015617121.1,1343,2,321,321,proteome
XP_015647571.1,1343,2,321,321,proteome
XP_015631368.1,1342,2,320,320,proteome
XP_015639597.1,1341,2,319,319,proteome
XP_015647065.1,1341,2,319,319,proteome
XP_015631636.1,1340,2,318,318,proteome
XP_015646112.2,1340,2,318,318,proteome
XP_025881783.1,1340,2,318,318,proteome
XP_015626168.1,1339,2,317,317,proteome
XP_015625462.1,1338,2,316,316,proteome
XP_015624059.1,1337,2,315,315,proteome
XP_025879577.1,1335,2,313,313,proteome
XP_015617422.1,1334,2,312,312,proteome
XP_015643577.1,1334,2,312,312,proteome
XP_015646417.1,1334,2,312,312,proteome
XP_015649279.1,1334,2,312,312,proteome
XP_015616244.2,1333,2,311,311,proteome
XP_015649829.1,1333,2,311,311,proteome
XP_015617423.1,1332,2,310,310,proteome
XP_015628841.2,1331,2,309,309,proteome
XP_015632593.1,1331,2,309,309,proteome
XP_015632594.1,1328,2,306,306,proteome
XP_015611120.1,1327,2,305,305,proteome
XP_015631624.1,1326,2,304,304,proteome
XP_015633193.1,1326,2,304,304,proteome
XP_015645011.1,1325,2,303,303,proteome
XP_015649181.1,1325,2,303,303,proteome
XP_015617020.1,1324,2,302,302,proteome
XP_015632485.1,1324,2,302,302,proteome
XP_015632486.1,1324,2,302,302,proteome
XP_015632488.1,1324,2,302,302,proteome
XP_015640039.1,1321,2,299,299,proteome
XP_015631106.1,1320,2,298,298,proteome
XP_015641513.2,1320,2,298,298,proteome
XP_015649820.1,1320,2,298,298,proteome
XP_015636539.1,1319,2,297,297,proteome
XP_015639449.1,1319,2,297,297,proteome
XP_025882847.1,1319,2,297,297,proteome
XP_015631107.1,1318,2,296,296,proteome
XP_015631108.1,1318,2,296,296,proteome
XP_015637054.1,1318,2,296,296,proteome
XP_015620171.1,1317,2,295,295,proteome
XP_015647239.1,1317,2,295,295,proteome
XP_025883229.1,1317,2,295,295,proteome
XP_015623859.1,1316,2,294,294,proteome
XP_015626780.1,1316,2,294,294,proteome
XP_025881365.1,1316,2,294,294,proteome
XP_015632595.1,1315,2,293,293,proteome
XP_015647066.1,1315,2,293,293,proteome
XP_015620172.1,1313,2,291,291,proteome
XP_015650580.1,1313,2,291,291,proteome
XP_015650582.1,1312,2,290,290,proteome
XP_015650583.1,1312,2,290,290,proteome
XP_015649940.1,1311,2,289,289,proteome
XP_015649941.1,1311,2,289,289,proteome
XP_015649942.1,1311,2,289,289,proteome
XP_015650584.1,1311,2,289,289,proteome
XP_025881089.1,1310,2,288,288,proteome
XP_015617810.1,1309,2,287,287,proteome
XP_015625598.1,1309,2,287,287,proteome
XP_015630609.1,1308,2,286,286,proteome
XP_015616460.1,1307,2,285,285,proteome
XP_015639566.1,1307,2,285,285,proteome
XP_015639221.1,1306,2,284,284,proteome
XP_015643578.1,1306,2,284,284,proteome
XP_015611956.1,1305,2,283,283,proteome
XP_015625359.1,1305,2,283,283,proteome
XP_015626773.1,1305,2,283,283,proteome
XP_015614168.1,1304,2,282,282,proteome
XP_015632113.2,1304,2,282,282,proteome
XP_015633219.1,1303,2,281,281,proteome
XP_015643465.1,1303,2,281,281,proteome
XP_025882848.1,1303,2,281,281,proteome
XP_015644098.1,1302,2,280,280,proteome
XP_025882112.1,1302,2,280,280,proteome
XP_015613826.1,1301,2,279,279,proteome
XP_015640331.1,1301,2,279,279,proteome
XP_015631187.1,1300,2,278,278,proteome
XP_015631436.1,1299,2,277,277,proteome
XP_015611255.1,1298,2,276,276,proteome
XP_015620388.1,1298,2,276,276,proteome
XP_015620389.1,1298,2,276,276,proteome
XP_015647539.1,1298,2,276,276,proteome
XP_015614492.1,1297,2,275,275,proteome
XP_015644099.1,1297,2,275,275,proteome
XP_015636869.1,1296,2,274,274,proteome
XP_015622427.1,1294,2,272,272,proteome
XP_015622428.1,1294,2,272,272,proteome
XP_025878220.1,1294,2,272,272,proteome
XP_015619205.1,1293,2,271,271,proteome
XP_015636550.1,1293,2,271,271,proteome
XP_015651110.1,1293,2,271,271,proteome
XP_015619206.1,1292,2,270,270,proteome
XP_015627252.2,1292,2,270,270,proteome
XP_015648096.1,1292,2,270,270,proteome
XP_015648097.1,1292,2,270,270,proteome
XP_025876035.1,1292,2,270,270,proteome
XP_025879481.1,1292,2,270,270,proteome
XP_025880238.1,1292,2,270,270,proteome
XP_025883407.1,1292,2,270,270,proteome
XP_015640224.1,1291,2,269,269,proteome
XP_015632056.1,1290,2,268,268,proteome
XP_015643014.1,1290,2,268,268,proteome
XP_015646387.1,1290,2,268,268,proteome
XP_015646397.1,1290,2,268,268,proteome
XP_025877400.1,1290,2,268,268,proteome
XP_015611126.1,1289,2,267,267,proteome
XP_015639685.1,1289,2,267,267,proteome
XP_015650068.1,1289,2,267,267,proteome
XP_025876036.1,1289,2,267,267,proteome
XP_015618715.1,1288,2,266,266,proteome
XP_015641736.1,1288,2,266,266,proteome
XP_025877338.1,1288,2,266,266,proteome
XP_025877342.1,1288,2,266,266,proteome
XP_025882389.1,1288,2,266,266,proteome
XP_015635684.1,1287,2,265,265,proteome
XP_015621377.1,1286,2,264,264,proteome
XP_015631007.1,1286,2,264,264,proteome
XP_015641737.1,1286,2,264,264,proteome
XP_015643402.1,1286,2,264,264,proteome
XP_015612048.1,1285,2,263,263,proteome
XP_015612057.1,1285,2,263,263,proteome
XP_015612066.1,1285,2,263,263,proteome
XP_015614514.1,1285,2,263,263,proteome
XP_015623455.1,1284,2,262,262,proteome
XP_025876272.1,1284,2,262,262,proteome
XP_015611811.1,1283,2,261,261,proteome
XP_015625355.1,1283,2,261,261,proteome
XP_025875872.1,1283,2,261,261,proteome
XP_015650657.2,1282,2,260,260,proteome
XP_025880295.1,1282,2,260,260,proteome
XP_015622783.1,1281,2,259,259,proteome
XP_015634569.1,1281,2,259,259,proteome
XP_015646676.1,1281,2,259,259,proteome
XP_015646967.1,1281,2,259,259,proteome
XP_025880296.1,1281,2,259,259,proteome
XP_025882606.1,1281,2,259,259,proteome
XP_015632489.1,1280,2,258,258,proteome
XP_015647213.1,1280,2,258,258,proteome
XP_015648344.1,1280,2,258,258,proteome
XP_025877240.1,1280,2,258,258,proteome
XP_025880297.1,1280,2,258,258,proteome
XP_015626984.1,1279,2,257,257,proteome
XP_015631968.1,1279,2,257,257,proteome
XP_025883232.1,1279,2,257,257,proteome
XP_015647159.1,1278,2,256,256,proteome
XP_015616250.1,1277,2,255,255,proteome
XP_015622301.1,1277,2,255,255,proteome
XP_015622784.1,1277,2,255,255,proteome
XP_015622785.1,1277,2,255,255,proteome
XP_015646969.1,1277,2,255,255,proteome
XP_025876736.1,1277,2,255,255,proteome
XP_025876737.1,1277,2,255,255,proteome
XP_025876738.1,1277,2,255,255,proteome
XP_025877244.1,1277,2,255,255,proteome
XP_015621172.1,1276,2,254,254,proteome
XP_015629597.1,1275,2,253,253,proteome
XP_015647858.1,1275,2,253,253,proteome
XP_015650069.1,1275,2,253,253,proteome
XP_015617089.1,1274,2,252,252,proteome
XP_015643846.1,1273,2,251,251,proteome
XP_015646970.1,1273,2,251,251,proteome
XP_015614441.1,1272,2,250,250,proteome
XP_015617180.1,1272,2,250,250,proteome
XP_015626960.1,1272,2,250,250,proteome
XP_015630852.1,1272,2,250,250,proteome
XP_015636870.1,1272,2,250,250,proteome
XP_025878677.1,1272,2,250,250,proteome
XP_015614510.1,1271,2,249,249,proteome
XP_015620087.1,1271,2,249,249,proteome
XP_015620088.1,1271,2,249,249,proteome
XP_015620089.1,1271,2,249,249,proteome
XP_015634566.1,1271,2,249,249,proteome
XP_015614414.1,1270,2,248,248,proteome
XP_025875880.1,1270,2,248,248,proteome
XP_025876880.1,1270,2,248,248,proteome
XP_015631570.1,1269,2,247,247,proteome
XP_015631571.1,1269,2,247,247,proteome
XP_015631575.1,1269,2,247,247,proteome
XP_015631576.1,1269,2,247,247,proteome
XP_015631577.1,1269,2,247,247,proteome
XP_015631578.1,1269,2,247,247,proteome
XP_025878574.1,1269,2,247,247,proteome
XP_025879489.1,1269,2,247,247,proteome
XP_025879490.1,1269,2,247,247,proteome
XP_025879491.1,1269,2,247,247,proteome
XP_025879492.1,1269,2,247,247,proteome
XP_025879494.1,1269,2,247,247,proteome
XP_025879495.1,1269,2,247,247,proteome
XP_025879496.1,1269,2,247,247,proteome
XP_015619690.1,1268,2,246,246,proteome
XP_015619691.1,1268,2,246,246,proteome
XP_015633643.1,1268,2,246,246,proteome
XP_015636531.1,1268,2,246,246,proteome
XP_025875881.1,1268,2,246,246,proteome
XP_015622128.1,1267,2,245,245,proteome
XP_015638148.1,1267,2,245,245,proteome
XP_015627331.1,1266,2,244,244,proteome
XP_015627989.1,1266,2,244,244,proteome
XP_015629565.1,1266,2,244,244,proteome
XP_015623546.1,1265,2,243,243,proteome
XP_015639196.1,1265,2,243,243,proteome
XP_015623777.1,1264,2,242,242,proteome
XP_015640429.1,1262,2,240,240,proteome
XP_015615069.1,1261,2,239,239,proteome
XP_015615111.1,1261,2,239,239,proteome
XP_015622085.1,1261,2,239,239,proteome
XP_015639513.1,1261,2,239,239,proteome
XP_015637815.1,1260,2,238,238,proteome
XP_015643261.1,1260,2,238,238,proteome
XP_015620285.1,1259,2,237,237,proteome
XP_015620669.1,1259,2,237,237,proteome
XP_015633529.1,1259,2,237,237,proteome
XP_015640523.1,1259,2,237,237,proteome
XP_015640524.1,1259,2,237,237,proteome
XP_015650232.1,1257,2,235,235,proteome
XP_015650241.1,1257,2,235,235,proteome
XP_015650257.1,1257,2,235,235,proteome
XP_015630803.1,1256,2,234,234,proteome
XP_015631739.1,1256,2,234,234,proteome
XP_015646971.1,1256,2,234,234,proteome
XP_025882849.1,1256,2,234,234,proteome
XP_015616228.1,1255,2,233,233,proteome
XP_015650328.1,1254,2,232,232,proteome
XP_025877344.1,1254,2,232,232,proteome
XP_015614169.1,1252,2,230,230,proteome
XP_015636222.1,1252,2,230,230,proteome
XP_015646537.1,1252,2,230,230,proteome
XP_015650269.1,1252,2,230,230,proteome
XP_015622983.1,1251,2,229,229,proteome
XP_015637043.1,1251,2,229,229,proteome
XP_015639572.1,1251,2,229,229,proteome
XP_015639573.1,1251,2,229,229,proteome
XP_015622984.1,1250,2,228,228,proteome
XP_015631508.1,1250,2,228,228,proteome
XP_015647743.1,1250,2,228,228,proteome
XP_025879148.1,1250,2,228,228,proteome
XP_015632827.1,1249,2,227,227,proteome
XP_015636330.1,1249,2,227,227,proteome
XP_015650277.1,1249,2,227,227,proteome
XP_015622786.1,1248,2,226,226,proteome
XP_015625367.1,1248,2,226,226,proteome
XP_015636331.1,1248,2,226,226,proteome
XP_015636574.1,1248,2,226,226,proteome
XP_015643015.1,1248,2,226,226,proteome
XP_025877226.1,1248,2,226,226,proteome
XP_015618956.1,1247,2,225,225,proteome
XP_015643188.1,1247,2,225,225,proteome
XP_015637441.1,1246,2,224,224,proteome
XP_015643311.1,1246,2,224,224,proteome
XP_015644079.1,1246,2,224,224,proteome
XP_025877420.1,1246,2,224,224,proteome
XP_015618908.1,1245,2,223,223,proteome
XP_015620114.1,1245,2,223,223,proteome
XP_015625016.1,1245,2,223,223,proteome
XP_015646459.1,1245,2,223,223,proteome
XP_015648872.1,1244,2,222,222,proteome
XP_015614500.1,1243,2,221,221,proteome
XP_015625026.1,1243,2,221,221,proteome
XP_025878940.1,1243,2,221,221,proteome
XP_025878941.1,1243,2,221,221,proteome
XP_025878942.1,1243,2,221,221,proteome
XP_025878943.1,1243,2,221,221,proteome
XP_025878944.1,1243,2,221,221,proteome
XP_025878945.1,1243,2,221,221,proteome
XP_015614941.2,1242,2,220,220,proteome
XP_015620951.1,1242,2,220,220,proteome
XP_015620952.1,1241,2,219,219,proteome
XP_015639451.1,1241,2,219,219,proteome
XP_025877869.1,1241,2,219,219,proteome
XP_015616232.1,1240,2,218,218,proteome
XP_015626249.1,1240,2,218,218,proteome
XP_015646538.1,1240,2,218,218,proteome
XP_025879497.1,1240,2,218,218,proteome
XP_015624409.1,1239,2,217,217,proteome
XP_015635948.1,1239,2,217,217,proteome
XP_015635949.1,1239,2,217,217,proteome
XP_015635950.1,1239,2,217,217,proteome
XP_015635953.1,1239,2,217,217,proteome
XP_015635954.1,1239,2,217,217,proteome
XP_015637971.1,1239,2,217,217,proteome
XP_015618914.1,1238,2,216,216,proteome
XP_015639402.1,1238,2,216,216,proteome
XP_025881579.1,1237,2,215,215,proteome
XP_015616458.1,1236,2,214,214,proteome
XP_025881572.1,1236,2,214,214,proteome
XP_015610843.1,1235,2,213,213,proteome
XP_015614205.1,1234,2,212,212,proteome
XP_015620953.1,1234,2,212,212,proteome
XP_015625882.1,1234,2,212,212,proteome
XP_025877321.1,1234,2,212,212,proteome
XP_015617200.1,1233,2,211,211,proteome
XP_015647402.2,1233,2,211,211,proteome
XP_015618699.1,1232,2,210,210,proteome
XP_025877368.1,1232,2,210,210,proteome
XP_015617694.1,1231,2,209,209,proteome
XP_015635455.1,1231,2,209,209,proteome
XP_015636332.1,1231,2,209,209,proteome
XP_015631224.1,1229,2,207,207,proteome
XP_015631226.1,1229,2,207,207,proteome
XP_015646632.1,1229,2,207,207,proteome
XP_015647242.1,1229,2,207,207,proteome
XP_025879328.1,1229,2,207,207,proteome
XP_025879553.1,1229,2,207,207,proteome
XP_025882781.1,1229,2,207,207,proteome
XP_015616236.1,1228,2,206,206,proteome
XP_015631437.1,1228,2,206,206,proteome
XP_015632828.1,1228,2,206,206,proteome
XP_015647243.1,1227,2,205,205,proteome
XP_015650886.1,1226,2,204,204,proteome
XP_025875626.1,1226,2,204,204,proteome
XP_015620286.1,1225,2,203,203,proteome
XP_025876222.1,1225,2,203,203,proteome
XP_015622469.1,1224,2,202,202,proteome
XP_015619708.1,1223,2,201,201,proteome
XP_015620390.1,1222,2,200,200,proteome
XP_015631661.1,1222,2,200,200,proteome
XP_015636333.1,1222,2,200,200,proteome
XP_015643753.1,1222,2,200,200,proteome
XP_025877508.1,1222,2,200,200,proteome
XP_015614503.1,1220,2,198,198,proteome
XP_015646837.1,1219,2,197,197,proteome
XP_015646839.1,1219,2,197,197,proteome
XP_025875929.1,1219,2,197,197,proteome
XP_015611836.1,1218,2,196,196,proteome
XP_015612995.1,1218,2,196,196,proteome
XP_015622237.1,1218,2,196,196,proteome
XP_015626379.1,1218,2,196,196,proteome
XP_015631030.1,1218,2,196,196,proteome
XP_015631140.1,1218,2,196,196,proteome
XP_015643809.1,1218,2,196,196,proteome
XP_025882045.1,1218,2,196,196,proteome
XP_015649424.1,1217,2,195,195,proteome
XP_015649429.1,1217,2,195,195,proteome
XP_015626998.1,1216,2,194,194,proteome
XP_015626999.1,1216,2,194,194,proteome
XP_015627000.1,1216,2,194,194,proteome
XP_015627001.1,1216,2,194,194,proteome
XP_015627002.1,1216,2,194,194,proteome
XP_015627003.1,1216,2,194,194,proteome
XP_015627004.1,1216,2,194,194,proteome
XP_015627005.1,1216,2,194,194,proteome
XP_015627006.1,1216,2,194,194,proteome
XP_015636215.1,1216,2,194,194,proteome
XP_015637824.1,1216,2,194,194,proteome
XP_025879037.1,1216,2,194,194,proteome
XP_015620379.1,1215,2,193,193,proteome
XP_025880126.1,1215,2,193,193,proteome
XP_025882624.1,1215,2,193,193,proteome
XP_015612606.1,1214,2,192,192,proteome
XP_015623657.1,1214,2,192,192,proteome
XP_015639096.1,1214,2,192,192,proteome
XP_015650921.1,1214,2,192,192,proteome
XP_015614138.1,1213,2,191,191,proteome
XP_015616238.1,1213,2,191,191,proteome
XP_015639097.1,1213,2,191,191,proteome
XP_025877546.1,1212,2,190,190,proteome
XP_025877547.1,1212,2,190,190,proteome
XP_025877548.1,1212,2,190,190,proteome
XP_025877549.1,1212,2,190,190,proteome
XP_025877550.1,1212,2,190,190,proteome
XP_025877551.1,1212,2,190,190,proteome
XP_025877552.1,1212,2,190,190,proteome
XP_025877553.1,1212,2,190,190,proteome
XP_025877554.1,1212,2,190,190,proteome
XP_015611213.1,1211,2,189,189,proteome
XP_015640174.1,1210,2,188,188,proteome
XP_015646000.1,1210,2,188,188,proteome
XP_015647244.1,1210,2,188,188,proteome
XP_015647245.1,1210,2,188,188,proteome
XP_015649357.1,1210,2,188,188,proteome
XP_015636789.1,1209,2,187,187,proteome
XP_015644380.1,1209,2,187,187,proteome
XP_015644381.1,1209,2,187,187,proteome
XP_025882142.1,1209,2,187,187,proteome
XP_015617126.1,1208,2,186,186,proteome
XP_015620287.1,1207,2,185,185,proteome
XP_015626858.1,1207,2,185,185,proteome
XP_015639108.1,1207,2,185,185,proteome
XP_015643330.1,1207,2,185,185,proteome
XP_025879600.1,1207,2,185,185,proteome
XP_015620009.1,1206,2,184,184,proteome
XP_015629710.1,1206,2,184,184,proteome
XP_015629712.1,1206,2,184,184,proteome
XP_015630903.1,1206,2,184,184,proteome
XP_025880208.1,1206,2,184,184,proteome
XP_015620960.1,1205,2,183,183,proteome
XP_015620961.1,1205,2,183,183,proteome
XP_015620962.1,1205,2,183,183,proteome
XP_015620963.1,1205,2,183,183,proteome
XP_015620964.1,1205,2,183,183,proteome
XP_015620965.1,1205,2,183,183,proteome
XP_015649572.1,1205,2,183,183,proteome
XP_015621216.1,1204,2,182,182,proteome
XP_015626440.1,1204,2,182,182,proteome
XP_025878290.1,1204,2,182,182,proteome
XP_025878937.1,1204,2,182,182,proteome
XP_025882535.1,1204,2,182,182,proteome
XP_015630920.1,1203,2,181,181,proteome
XP_015643467.1,1203,2,181,181,proteome
XP_015644382.1,1203,2,181,181,proteome
XP_015644383.1,1203,2,181,181,proteome
XP_015644384.1,1203,2,181,181,proteome
XP_015647246.1,1203,2,181,181,proteome
XP_015644601.1,1202,2,180,180,proteome
XP_015612569.1,1201,2,179,179,proteome
XP_015615335.1,1201,2,179,179,proteome
XP_015615336.1,1201,2,179,179,proteome
XP_015630921.1,1201,2,179,179,proteome
XP_015635746.1,1201,2,179,179,proteome
XP_015614390.1,1200,2,178,178,proteome
XP_015617274.1,1200,2,178,178,proteome
XP_015646889.1,1200,2,178,178,proteome
XP_015648511.1,1200,2,178,178,proteome
XP_025877036.1,1200,2,178,178,proteome
XP_015611230.1,1198,2,176,176,proteome
XP_015611561.1,1198,2,176,176,proteome
XP_015611966.1,1198,2,176,176,proteome
XP_015636703.1,1198,2,176,176,proteome
XP_025880790.1,1198,2,176,176,proteome
XP_025877363.1,1197,2,175,175,proteome
XP_025880618.1,1197,2,175,175,proteome
XP_025879635.1,1196,2,174,174,proteome
XP_015612513.1,1194,2,172,172,proteome
XP_015615433.1,1193,2,171,171,proteome
XP_015618071.1,1193,2,171,171,proteome
XP_015620661.1,1193,2,171,171,proteome
XP_015633378.1,1193,2,171,171,proteome
XP_015650294.1,1193,2,171,171,proteome
XP_025881353.1,1193,2,171,171,proteome
XP_015621535.1,1192,2,170,170,proteome
XP_015631926.1,1192,2,170,170,proteome
XP_015615436.1,1190,2,168,168,proteome
XP_015626421.1,1190,2,168,168,proteome
XP_015631227.1,1190,2,168,168,proteome
XP_015636122.1,1189,2,167,167,proteome
XP_025882043.1,1189,2,167,167,proteome
XP_015642898.1,1188,2,166,166,proteome
XP_025882044.1,1188,2,166,166,proteome
XP_015614148.1,1187,2,165,165,proteome
XP_015621784.1,1187,2,165,165,proteome
XP_015631439.1,1187,2,165,165,proteome
XP_015636209.1,1187,2,165,165,proteome
XP_015650295.1,1187,2,165,165,proteome
XP_015614149.1,1186,2,164,164,proteome
XP_015625866.1,1186,2,164,164,proteome
XP_015646599.1,1186,2,164,164,proteome
XP_015625867.1,1185,2,163,163,proteome
XP_015626044.1,1185,2,163,163,proteome
XP_015626048.1,1185,2,163,163,proteome
XP_015627621.1,1185,2,163,163,proteome
XP_025876223.1,1185,2,163,163,proteome
XP_025879170.1,1185,2,163,163,proteome
XP_025879171.1,1185,2,163,163,proteome
XP_025879172.1,1185,2,163,163,proteome
XP_015619903.1,1184,2,162,162,proteome
XP_015641697.1,1184,2,162,162,proteome
XP_015643335.1,1184,2,162,162,proteome
XP_015647247.1,1184,2,162,162,proteome
XP_015650708.1,1184,2,162,162,proteome
XP_025876224.1,1184,2,162,162,proteome
XP_015619905.1,1183,2,161,161,proteome
XP_015621669.1,1183,2,161,161,proteome
XP_015624482.1,1183,2,161,161,proteome
XP_015631927.1,1183,2,161,161,proteome
XP_015634951.1,1183,2,161,161,proteome
XP_015641766.1,1183,2,161,161,proteome
XP_025875769.1,1183,2,161,161,proteome
XP_015628878.1,1182,2,160,160,proteome
XP_025878856.1,1182,2,160,160,proteome
XP_025880999.1,1182,2,160,160,proteome
XP_015619661.1,1181,2,159,159,proteome
XP_015625356.1,1181,2,159,159,proteome
XP_015631639.1,1181,2,159,159,proteome
XP_015626267.2,1180,2,158,158,proteome
XP_015632337.1,1180,2,158,158,proteome
XP_015625868.1,1179,2,157,157,proteome
XP_015644160.1,1179,2,157,157,proteome
XP_015644161.1,1179,2,157,157,proteome
XP_015644162.1,1179,2,157,157,proteome
XP_015644164.1,1179,2,157,157,proteome
XP_015644165.1,1179,2,157,157,proteome
XP_015644166.1,1179,2,157,157,proteome
XP_015644167.1,1179,2,157,157,proteome
XP_015644168.1,1179,2,157,157,proteome
XP_015619663.1,1178,2,156,156,proteome
XP_015625880.1,1178,2,156,156,proteome
XP_015625565.1,1177,2,155,155,proteome
XP_015644449.1,1177,2,155,155,proteome
XP_025882273.1,1177,2,155,155,proteome
XP_025882274.1,1177,2,155,155,proteome
XP_025882275.1,1177,2,155,155,proteome
XP_015631251.1,1176,2,154,154,proteome
XP_015647059.1,1176,2,154,154,proteome
XP_015614352.2,1175,2,153,153,proteome
XP_015620890.1,1175,2,153,153,proteome
XP_015621654.1,1175,2,153,153,proteome
XP_015639250.1,1175,2,153,153,proteome
XP_015611572.1,1174,2,152,152,proteome
XP_015614312.1,1174,2,152,152,proteome
XP_015618517.1,1174,2,152,152,proteome
XP_015618518.1,1174,2,152,152,proteome
XP_015619907.1,1174,2,152,152,proteome
XP_015633861.1,1174,2,152,152,proteome
XP_025882975.1,1174,2,152,152,proteome
XP_015646956.1,1173,2,151,151,proteome
XP_015611104.1,1172,2,150,150,proteome
XP_015617454.1,1172,2,150,150,proteome
XP_015631281.1,1172,2,150,150,proteome
XP_015643842.1,1172,2,150,150,proteome
XP_015646600.1,1172,2,150,150,proteome
XP_015631282.1,1171,2,149,149,proteome
XP_015637016.1,1171,2,149,149,proteome
XP_015620288.1,1170,2,148,148,proteome
XP_015631509.1,1170,2,148,148,proteome
XP_015633379.1,1170,2,148,148,proteome
XP_015643356.1,1170,2,148,148,proteome
XP_015643357.1,1170,2,148,148,proteome
XP_025882741.1,1169,2,147,147,proteome
XP_015620702.1,1168,2,146,146,proteome
XP_015623226.1,1168,2,146,146,proteome
XP_025879182.1,1168,2,146,146,proteome
XP_015623793.1,1167,2,145,145,proteome
XP_015631928.1,1167,2,145,145,proteome
XP_015635738.1,1167,2,145,145,proteome
XP_015647248.1,1167,2,145,145,proteome
XP_025879183.1,1167,2,145,145,proteome
XP_015614112.1,1166,2,144,144,proteome
XP_015647061.1,1166,2,144,144,proteome
XP_015611231.2,1165,2,143,143,proteome
XP_015619228.1,1165,2,143,143,proteome
XP_015647249.1,1165,2,143,143,proteome
XP_015647400.1,1165,2,143,143,proteome
XP_015647401.1,1165,2,143,143,proteome
XP_015615092.1,1164,2,142,142,proteome
XP_015627119.1,1164,2,142,142,proteome
XP_015650728.1,1164,2,142,142,proteome
XP_015624321.1,1163,2,141,141,proteome
XP_015624357.1,1163,2,141,141,proteome
XP_015614150.1,1162,2,140,140,proteome
XP_015647420.1,1162,2,140,140,proteome
XP_015643493.1,1161,2,139,139,proteome
XP_015647029.1,1161,2,139,139,proteome
XP_015647035.1,1161,2,139,139,proteome
XP_015618952.1,1160,2,138,138,proteome
XP_015626357.1,1160,2,138,138,proteome
XP_015649578.1,1160,2,138,138,proteome
XP_015649583.1,1160,2,138,138,proteome
XP_015649590.1,1160,2,138,138,proteome
XP_015649597.1,1160,2,138,138,proteome
XP_015649603.1,1160,2,138,138,proteome
XP_015650540.1,1160,2,138,138,proteome
XP_025881444.1,1160,2,138,138,proteome
XP_015619917.1,1159,2,137,137,proteome
XP_015639381.1,1158,2,136,136,proteome
XP_015644367.1,1158,2,136,136,proteome
XP_025879733.1,1158,2,136,136,proteome
XP_015632605.1,1157,2,135,135,proteome
XP_015632606.1,1157,2,135,135,proteome
XP_015644368.1,1157,2,135,135,proteome
XP_015633740.2,1156,2,134,134,proteome
XP_015644369.1,1156,2,134,134,proteome
XP_015647062.1,1156,2,134,134,proteome
XP_015619906.1,1155,2,133,133,proteome
XP_015625722.1,1155,2,133,133,proteome
XP_015632810.1,1155,2,133,133,proteome
XP_025876374.1,1155,2,133,133,proteome
XP_015622129.1,1154,2,132,132,proteome
XP_015622131.1,1154,2,132,132,proteome
XP_015625503.1,1154,2,132,132,proteome
XP_015626656.1,1154,2,132,132,proteome
XP_015626657.1,1154,2,132,132,proteome
XP_015626658.1,1154,2,132,132,proteome
XP_015635861.1,1154,2,132,132,proteome
XP_015636213.1,1154,2,132,132,proteome
XP_025876047.1,1154,2,132,132,proteome
XP_015617264.1,1153,2,131,131,proteome
XP_015621470.1,1153,2,131,131,proteome
XP_015628809.2,1153,2,131,131,proteome
XP_015640727.1,1153,2,131,131,proteome
XP_015642941.1,1153,2,131,131,proteome
XP_015642942.1,1153,2,131,131,proteome
XP_015642943.1,1153,2,131,131,proteome
XP_015642945.1,1153,2,131,131,proteome
XP_015642946.1,1153,2,131,131,proteome
XP_015642947.1,1153,2,131,131,proteome
XP_015642509.1,1152,2,130,130,proteome
XP_025882278.1,1152,2,130,130,proteome
XP_015614451.1,1151,2,129,129,proteome
XP_015641591.1,1151,2,129,129,proteome
XP_015630592.1,1150,2,128,128,proteome
XP_025880886.1,1150,2,128,128,proteome
XP_015614113.1,1149,2,127,127,proteome
XP_015632902.1,1149,2,127,127,proteome
XP_015619351.1,1148,2,126,126,proteome
XP_015624609.1,1148,2,126,126,proteome
XP_025877567.1,1148,2,126,126,proteome
XP_015622260.1,1147,2,125,125,proteome
XP_015622261.1,1147,2,125,125,proteome
XP_015633540.1,1147,2,125,125,proteome
XP_015646460.1,1147,2,125,125,proteome
XP_015649263.1,1147,2,125,125,proteome
XP_025883112.1,1147,2,125,125,proteome
XP_015618850.1,1146,2,124,124,proteome
XP_015635696.1,1146,2,124,124,proteome
XP_015622262.1,1144,2,122,122,proteome
XP_015627442.1,1144,2,122,122,proteome
XP_015639842.1,1144,2,122,122,proteome
XP_015639843.1,1144,2,122,122,proteome
XP_015627622.1,1143,2,121,121,proteome
XP_015631969.1,1143,2,121,121,proteome
XP_015639569.1,1143,2,121,121,proteome
XP_015619692.1,1142,2,120,120,proteome
XP_015627049.1,1142,2,120,120,proteome
XP_015647073.1,1142,2,120,120,proteome
XP_015618229.1,1141,2,119,119,proteome
XP_025876358.1,1141,2,119,119,proteome
XP_015610848.2,1140,2,118,118,proteome
XP_015626597.1,1140,2,118,118,proteome
XP_015649921.1,1140,2,118,118,proteome
XP_015641486.1,1139,2,117,117,proteome
XP_015610850.2,1138,2,116,116,proteome
XP_025879367.1,1138,2,116,116,proteome
XP_015612015.1,1137,2,115,115,proteome
XP_015616242.1,1137,2,115,115,proteome
XP_015630523.1,1137,2,115,115,proteome
XP_015642375.1,1137,2,115,115,proteome
XP_015642510.1,1137,2,115,115,proteome
XP_025876538.1,1137,2,115,115,proteome
XP_025882217.1,1137,2,115,115,proteome
XP_015611919.1,1136,2,114,114,proteome
XP_015629622.1,1136,2,114,114,proteome
XP_015636014.1,1136,2,114,114,proteome
XP_015636015.1,1136,2,114,114,proteome
XP_015636884.1,1136,2,114,114,proteome
XP_015639260.1,1136,2,114,114,proteome
XP_015639261.1,1136,2,114,114,proteome
XP_015640399.1,1136,2,114,114,proteome
XP_025878872.1,1136,2,114,114,proteome
XP_025878741.1,1135,2,113,113,proteome
XP_025879272.1,1135,2,113,113,proteome
XP_025879851.1,1135,2,113,113,proteome
XP_015614501.1,1134,2,112,112,proteome
XP_015615734.1,1134,2,112,112,proteome
XP_015619670.1,1134,2,112,112,proteome
XP_015633381.1,1134,2,112,112,proteome
XP_015639346.1,1134,2,112,112,proteome
XP_015639347.1,1134,2,112,112,proteome
XP_015639348.1,1134,2,112,112,proteome
XP_015639349.1,1134,2,112,112,proteome
XP_015639350.1,1134,2,112,112,proteome
XP_015639351.1,1134,2,112,112,proteome
XP_015640238.1,1134,2,112,112,proteome
XP_025877300.1,1134,2,112,112,proteome
XP_025881603.1,1134,2,112,112,proteome
XP_015631118.1,1133,2,111,111,proteome
XP_015631120.1,1133,2,111,111,proteome
XP_015635759.1,1133,2,111,111,proteome
XP_015635835.1,1133,2,111,111,proteome
XP_015611700.1,1132,2,110,110,proteome
XP_015626258.1,1132,2,110,110,proteome
XP_015634613.1,1132,2,110,110,proteome
XP_015636674.1,1132,2,110,110,proteome
XP_015611583.1,1131,2,109,109,proteome
XP_015617462.1,1131,2,109,109,proteome
XP_015650286.1,1131,2,109,109,proteome
XP_025882297.1,1131,2,109,109,proteome
XP_015612899.1,1130,2,108,108,proteome
XP_015617333.1,1130,2,108,108,proteome
XP_025882757.1,1130,2,108,108,proteome
XP_015611708.1,1129,2,107,107,proteome
XP_015617818.1,1129,2,107,107,proteome
XP_015620371.1,1129,2,107,107,proteome
XP_015620500.1,1129,2,107,107,proteome
XP_015620501.1,1129,2,107,107,proteome
XP_015620502.1,1129,2,107,107,proteome
XP_015620503.1,1129,2,107,107,proteome
XP_015620505.1,1129,2,107,107,proteome
XP_015620506.1,1129,2,107,107,proteome
XP_015620507.1,1129,2,107,107,proteome
XP_015620508.1,1129,2,107,107,proteome
XP_015620510.1,1129,2,107,107,proteome
XP_015620511.1,1129,2,107,107,proteome
XP_015620512.1,1129,2,107,107,proteome
XP_015620513.1,1129,2,107,107,proteome
XP_015620516.1,1129,2,107,107,proteome
XP_015620517.1,1129,2,107,107,proteome
XP_015620518.1,1129,2,107,107,proteome
XP_015620519.1,1129,2,107,107,proteome
XP_015620520.1,1129,2,107,107,proteome
XP_015620521.1,1129,2,107,107,proteome
XP_015631781.1,1129,2,107,107,proteome
XP_015644057.1,1129,2,107,107,proteome
XP_025877848.1,1129,2,107,107,proteome
XP_025877849.1,1129,2,107,107,proteome
XP_025877850.1,1129,2,107,107,proteome
XP_025877852.1,1129,2,107,107,proteome
XP_015625095.1,1128,2,106,106,proteome
XP_015627072.2,1128,2,106,106,proteome
XP_015630340.1,1128,2,106,106,proteome
XP_015630341.1,1128,2,106,106,proteome
XP_015635652.1,1128,2,106,106,proteome
XP_015640100.1,1128,2,106,106,proteome
XP_015642844.1,1128,2,106,106,proteome
XP_025882113.1,1128,2,106,106,proteome
XP_015612810.1,1127,2,105,105,proteome
XP_015614304.1,1127,2,105,105,proteome
XP_015622123.1,1127,2,105,105,proteome
XP_015631121.1,1127,2,105,105,proteome
XP_015646666.1,1127,2,105,105,proteome
XP_025876766.1,1127,2,105,105,proteome
XP_025876767.1,1127,2,105,105,proteome
XP_015622671.1,1126,2,104,104,proteome
XP_015622672.1,1126,2,104,104,proteome
XP_015622677.1,1126,2,104,104,proteome
XP_015642370.1,1126,2,104,104,proteome
XP_025879162.1,1126,2,104,104,proteome
XP_025879163.1,1126,2,104,104,proteome
XP_025879164.1,1126,2,104,104,proteome
XP_025879166.1,1126,2,104,104,proteome
XP_025879167.1,1126,2,104,104,proteome
XP_025879168.1,1126,2,104,104,proteome
XP_015612559.1,1125,2,103,103,proteome
XP_015616379.2,1125,2,103,103,proteome
XP_015620100.1,1125,2,103,103,proteome
XP_015622678.1,1125,2,103,103,proteome
XP_015643387.1,1125,2,103,103,proteome
XP_025877115.1,1125,2,103,103,proteome
XP_025879169.1,1125,2,103,103,proteome
XP_015620101.1,1124,2,102,102,proteome
XP_015620102.1,1124,2,102,102,proteome
XP_015624438.1,1124,2,102,102,proteome
XP_015627510.1,1124,2,102,102,proteome
XP_015640706.1,1124,2,102,102,proteome
XP_015642202.1,1124,2,102,102,proteome
XP_015642254.2,1124,2,102,102,proteome
XP_015619919.1,1123,2,101,101,proteome
XP_015620103.1,1123,2,101,101,proteome
XP_015634296.1,1123,2,101,101,proteome
XP_015647231.1,1123,2,101,101,proteome
XP_025877752.1,1123,2,101,101,proteome
XP_025878726.1,1123,2,101,101,proteome
XP_015615753.1,1122,2,100,100,proteome
XP_015615755.1,1122,2,100,100,proteome
XP_015647981.1,1122,2,100,100,proteome
XP_025880887.1,1122,2,100,100,proteome
XP_015616219.1,1121,2,99,99,proteome
XP_015620201.1,1121,2,99,99,proteome
XP_015620202.1,1121,2,99,99,proteome
XP_015621030.1,1121,2,99,99,proteome
XP_015636088.1,1121,2,99,99,proteome
XP_015631246.1,1120,2,98,98,proteome
XP_015651487.1,1120,2,98,98,proteome
XP_025879134.1,1120,2,98,98,proteome
XP_015612811.1,1119,2,97,97,proteome
XP_015626002.1,1119,2,97,97,proteome
XP_015636407.1,1119,2,97,97,proteome
XP_015647293.1,1119,2,97,97,proteome
XP_025880601.1,1119,2,97,97,proteome
XP_015617843.1,1118,2,96,96,proteome
XP_015636291.1,1118,2,96,96,proteome
XP_015647294.1,1118,2,96,96,proteome
XP_015617197.1,1117,2,95,95,proteome
XP_015620054.1,1117,2,95,95,proteome
XP_015643844.1,1117,2,95,95,proteome
XP_015647739.1,1117,2,95,95,proteome
XP_025877599.1,1117,2,95,95,proteome
XP_015617198.1,1116,2,94,94,proteome
XP_015631410.1,1116,2,94,94,proteome
XP_015639833.1,1116,2,94,94,proteome
XP_015640274.1,1116,2,94,94,proteome
XP_015649755.1,1116,2,94,94,proteome
XP_015626755.1,1115,2,93,93,proteome
XP_015630342.1,1115,2,93,93,proteome
XP_015651419.1,1115,2,93,93,proteome
XP_015620690.1,1114,2,92,92,proteome
XP_015623659.1,1114,2,92,92,proteome
XP_015632399.1,1114,2,92,92,proteome
XP_015617826.1,1113,2,91,91,proteome
XP_015615537.1,1112,2,90,90,proteome
XP_015631771.1,1112,2,90,90,proteome
XP_015643010.1,1112,2,90,90,proteome
XP_015648066.1,1112,2,90,90,proteome
XP_015615796.1,1111,2,89,89,proteome
XP_015623704.1,1111,2,89,89,proteome
XP_015626059.1,1111,2,89,89,proteome
XP_015633382.1,1111,2,89,89,proteome
XP_015642033.1,1111,2,89,89,proteome
XP_015642847.1,1111,2,89,89,proteome
XP_025881409.1,1111,2,89,89,proteome
XP_015612854.1,1110,2,88,88,proteome
XP_015615048.1,1110,2,88,88,proteome
XP_015620283.1,1110,2,88,88,proteome
XP_015626110.1,1110,2,88,88,proteome
XP_015628111.2,1110,2,88,88,proteome
XP_015631365.1,1110,2,88,88,proteome
XP_015636675.1,1110,2,88,88,proteome
XP_015651137.1,1110,2,88,88,proteome
XP_015645044.1,1109,2,87,87,proteome
XP_025877099.1,1109,2,87,87,proteome
XP_025882529.1,1109,2,87,87,proteome
XP_015632758.1,1108,2,86,86,proteome
XP_015615561.1,1107,2,85,85,proteome
XP_015621490.1,1107,2,85,85,proteome
XP_015631759.1,1107,2,85,85,proteome
XP_015650711.1,1107,2,85,85,proteome
XP_015615242.1,1106,2,84,84,proteome
XP_015617395.2,1106,2,84,84,proteome
XP_015624473.1,1106,2,84,84,proteome
XP_015647633.1,1106,2,84,84,proteome
XP_015615089.1,1105,2,83,83,proteome
XP_015615675.1,1105,2,83,83,proteome
XP_015617044.1,1105,2,83,83,proteome
XP_015617369.1,1105,2,83,83,proteome
XP_015617674.1,1105,2,83,83,proteome
XP_015627028.1,1105,2,83,83,proteome
XP_025881390.1,1105,2,83,83,proteome
XP_015617373.1,1104,2,82,82,proteome
XP_015631760.1,1104,2,82,82,proteome
XP_015631761.1,1104,2,82,82,proteome
XP_015644140.1,1104,2,82,82,proteome
XP_015648437.1,1104,2,82,82,proteome
XP_025876031.1,1104,2,82,82,proteome
XP_025883057.1,1104,2,82,82,proteome
XP_015617784.2,1103,2,81,81,proteome
XP_015615405.1,1102,2,80,80,proteome
XP_015647985.2,1102,2,80,80,proteome
XP_015615090.1,1101,2,79,79,proteome
XP_015615300.1,1101,2,79,79,proteome
XP_015616322.1,1101,2,79,79,proteome
XP_015617844.1,1101,2,79,79,proteome
XP_015621218.1,1101,2,79,79,proteome
XP_015635927.1,1101,2,79,79,proteome
XP_015636292.1,1101,2,79,79,proteome
XP_015639812.1,1101,2,79,79,proteome
XP_015641844.1,1101,2,79,79,proteome
XP_015646461.1,1101,2,79,79,proteome
XP_025881902.1,1101,2,79,79,proteome
XP_015632811.1,1100,2,78,78,proteome
XP_015646462.1,1100,2,78,78,proteome
XP_015650296.1,1100,2,78,78,proteome
XP_015627166.1,1099,2,77,77,proteome
XP_015636780.1,1099,2,77,77,proteome
XP_015638539.1,1099,2,77,77,proteome
XP_015646985.1,1099,2,77,77,proteome
XP_015617878.1,1098,2,76,76,proteome
XP_015640773.1,1098,2,76,76,proteome
XP_015650573.1,1098,2,76,76,proteome
XP_015616380.1,1097,2,75,75,proteome
XP_015616914.1,1097,2,75,75,proteome
XP_015619668.1,1097,2,75,75,proteome
XP_015631762.1,1097,2,75,75,proteome
XP_015614461.1,1096,2,74,74,proteome
XP_015618159.1,1096,2,74,74,proteome
XP_015623186.1,1096,2,74,74,proteome
XP_015630983.1,1096,2,74,74,proteome
XP_025877301.1,1096,2,74,74,proteome
XP_025877343.1,1096,2,74,74,proteome
XP_015611831.1,1095,2,73,73,proteome
XP_015611982.1,1095,2,73,73,proteome
XP_015612551.1,1095,2,73,73,proteome
XP_015625512.1,1095,2,73,73,proteome
XP_015612118.1,1094,2,72,72,proteome
XP_015631764.1,1094,2,72,72,proteome
XP_015631766.1,1094,2,72,72,proteome
XP_015631807.1,1094,2,72,72,proteome
XP_015611264.1,1093,2,71,71,proteome
XP_015614947.1,1093,2,71,71,proteome
XP_015626130.1,1093,2,71,71,proteome
XP_015626131.1,1093,2,71,71,proteome
XP_015631672.1,1093,2,71,71,proteome
XP_015646807.1,1093,2,71,71,proteome
XP_015651407.1,1093,2,71,71,proteome
XP_015651408.1,1093,2,71,71,proteome
XP_015651409.1,1093,2,71,71,proteome
XP_025879029.1,1093,2,71,71,proteome
XP_015611983.1,1092,2,70,70,proteome
XP_015620293.1,1092,2,70,70,proteome
XP_015626111.1,1092,2,70,70,proteome
XP_015631790.1,1092,2,70,70,proteome
XP_015637010.2,1092,2,70,70,proteome
XP_015647044.1,1092,2,70,70,proteome
XP_015611640.1,1090,2,68,68,proteome
XP_015614957.1,1090,2,68,68,proteome
XP_015639162.1,1090,2,68,68,proteome
XP_015639287.1,1090,2,68,68,proteome
XP_015614707.1,1089,2,67,67,proteome
XP_015620122.1,1089,2,67,67,proteome
XP_015620132.1,1089,2,67,67,proteome
XP_015626333.1,1089,2,67,67,proteome
XP_015626792.1,1089,2,67,67,proteome
XP_015627168.1,1089,2,67,67,proteome
XP_015646820.1,1089,2,67,67,proteome
XP_025876928.1,1089,2,67,67,proteome
XP_025883050.1,1089,2,67,67,proteome
XP_015612318.1,1088,2,66,66,proteome
XP_015617391.1,1088,2,66,66,proteome
XP_015620140.1,1088,2,66,66,proteome
XP_015629031.1,1088,2,66,66,proteome
XP_015636669.1,1088,2,66,66,proteome
XP_015643017.1,1088,2,66,66,proteome
XP_015644141.1,1088,2,66,66,proteome
XP_015644916.2,1088,2,66,66,proteome
XP_015626814.1,1087,2,65,65,proteome
XP_015626815.1,1086,2,64,64,proteome
XP_015636791.1,1086,2,64,64,proteome
XP_015639716.1,1086,2,64,64,proteome
XP_015644128.1,1086,2,64,64,proteome
XP_025876627.1,1086,2,64,64,proteome
XP_015619669.1,1085,2,63,63,proteome
XP_015633466.1,1085,2,63,63,proteome
XP_015650823.1,1085,2,63,63,proteome
XP_015621705.1,1084,2,62,62,proteome
XP_015621706.1,1084,2,62,62,proteome
XP_015639163.1,1084,2,62,62,proteome
XP_015643744.1,1084,2,62,62,proteome
XP_015643745.1,1084,2,62,62,proteome
XP_015647499.1,1084,2,62,62,proteome
XP_025877037.1,1084,2,62,62,proteome
XP_025879537.1,1084,2,62,62,proteome
XP_025882313.1,1084,2,62,62,proteome
XP_015617811.1,1083,2,61,61,proteome
XP_015626099.1,1083,2,61,61,proteome
XP_015626100.1,1083,2,61,61,proteome
XP_015626101.1,1083,2,61,61,proteome
XP_015638230.1,1083,2,61,61,proteome
XP_015621748.1,1082,2,60,60,proteome
XP_015625803.1,1082,2,60,60,proteome
XP_015626096.1,1082,2,60,60,proteome
XP_015641168.2,1082,2,60,60,proteome
XP_025881746.1,1082,2,60,60,proteome
XP_025882816.1,1082,2,60,60,proteome
XP_015623940.1,1081,2,59,59,proteome
XP_015646894.1,1081,2,59,59,proteome
XP_015647043.1,1081,2,59,59,proteome
XP_025881139.1,1081,2,59,59,proteome
XP_015611837.1,1080,2,58,58,proteome
XP_015612078.1,1080,2,58,58,proteome
XP_015614727.1,1080,2,58,58,proteome
XP_015614728.1,1080,2,58,58,proteome
XP_015627662.1,1080,2,58,58,proteome
XP_015631664.1,1080,2,58,58,proteome
XP_015647689.1,1080,2,58,58,proteome
XP_015649233.1,1080,2,58,58,proteome
XP_015649799.1,1080,2,58,58,proteome
XP_015639806.1,1079,2,57,57,proteome
XP_015643756.1,1079,2,57,57,proteome
XP_025878702.1,1079,2,57,57,proteome
XP_015610878.1,1078,2,56,56,proteome
XP_015614639.1,1078,2,56,56,proteome
XP_015620954.1,1078,2,56,56,proteome
XP_015624908.1,1078,2,56,56,proteome
XP_015634426.1,1078,2,56,56,proteome
XP_015643333.1,1078,2,56,56,proteome
XP_015633912.1,1076,2,54,54,proteome
XP_015639380.1,1076,2,54,54,proteome
XP_015642987.1,1076,2,54,54,proteome
XP_015642988.1,1076,2,54,54,proteome
XP_015645204.1,1076,2,54,54,proteome
XP_015647240.1,1076,2,54,54,proteome
NP_039373.1,1075,2,53,53,proteome
XP_015610879.1,1075,2,53,53,proteome
XP_015616395.1,1075,2,53,53,proteome
XP_015626441.1,1075,2,53,53,proteome
XP_015632596.1,1075,2,53,53,proteome
XP_025880655.1,1075,2,53,53,proteome
XP_015614424.1,1074,2,52,52,proteome
XP_015617068.1,1074,2,52,52,proteome
XP_015626634.1,1074,2,52,52,proteome
XP_015634952.1,1074,2,52,52,proteome
XP_015636805.1,1074,2,52,52,proteome
XP_015636808.1,1074,2,52,52,proteome
XP_015639725.1,1074,2,52,52,proteome
XP_025880746.1,1074,2,52,52,proteome
XP_015617396.2,1073,2,51,51,proteome
XP_015622425.1,1073,2,51,51,proteome
XP_015627818.1,1073,2,51,51,proteome
XP_015630545.1,1073,2,51,51,proteome
XP_015631665.1,1073,2,51,51,proteome
XP_015647290.1,1073,2,51,51,proteome
XP_015647538.1,1073,2,51,51,proteome
XP_015649243.1,1073,2,51,51,proteome
XP_025879397.1,1073,2,51,51,proteome
XP_015614502.1,1072,2,50,50,proteome
XP_015621830.1,1072,2,50,50,proteome
XP_015627493.1,1072,2,50,50,proteome
XP_015631847.1,1072,2,50,50,proteome
XP_015641110.1,1072,2,50,50,proteome
XP_015643426.1,1072,2,50,50,proteome
XP_015616916.1,1071,2,49,49,proteome
XP_015617394.1,1071,2,49,49,proteome
XP_015650967.1,1071,2,49,49,proteome
XP_025878573.1,1071,2,49,49,proteome
XP_015626772.1,1070,2,48,48,proteome
XP_015632087.1,1070,2,48,48,proteome
XP_015637331.1,1070,2,48,48,proteome
XP_015642426.2,1070,2,48,48,proteome
XP_025880505.1,1070,2,48,48,proteome
XP_015611603.1,1069,2,47,47,proteome
XP_015619930.1,1069,2,47,47,proteome
XP_015620297.1,1069,2,47,47,proteome
XP_015630856.1,1069,2,47,47,proteome
XP_015643085.1,1069,2,47,47,proteome
XP_015647367.1,1069,2,47,47,proteome
XP_025879824.1,1069,2,47,47,proteome
XP_015617199.1,1068,2,46,46,proteome
XP_015621120.1,1068,2,46,46,proteome
XP_015631695.1,1068,2,46,46,proteome
XP_015634953.1,1068,2,46,46,proteome
XP_015642630.1,1068,2,46,46,proteome
XP_015643028.1,1068,2,46,46,proteome
XP_025878703.1,1068,2,46,46,proteome
XP_015626659.1,1067,2,45,45,proteome
XP_015629032.1,1067,2,45,45,proteome
XP_015634954.1,1067,2,45,45,proteome
XP_015643659.1,1067,2,45,45,proteome
XP_015649710.1,1067,2,45,45,proteome
XP_015650116.1,1067,2,45,45,proteome
XP_015611298.1,1066,2,44,44,proteome
XP_015618104.1,1066,2,44,44,proteome
XP_015620284.1,1066,2,44,44,proteome
XP_015626097.1,1066,2,44,44,proteome
XP_015626098.1,1066,2,44,44,proteome
XP_015631605.1,1066,2,44,44,proteome
XP_015639814.1,1066,2,44,44,proteome
XP_015642986.1,1066,2,44,44,proteome
XP_015644038.1,1066,2,44,44,proteome
XP_015645641.1,1066,2,44,44,proteome
XP_015650062.1,1066,2,44,44,proteome
XP_015650063.1,1066,2,44,44,proteome
XP_025875974.1,1066,2,44,44,proteome
XP_025875975.1,1066,2,44,44,proteome
XP_025875976.1,1066,2,44,44,proteome
XP_025879961.1,1066,2,44,44,proteome
XP_015622396.1,1065,2,43,43,proteome
XP_015631195.1,1065,2,43,43,proteome
XP_015633462.1,1065,2,43,43,proteome
XP_015639416.1,1065,2,43,43,proteome
XP_015645263.1,1065,2,43,43,proteome
XP_015612556.1,1064,2,42,42,proteome
XP_015614462.1,1064,2,42,42,proteome
XP_015620147.1,1064,2,42,42,proteome
XP_015632802.1,1064,2,42,42,proteome
XP_015632803.1,1064,2,42,42,proteome
XP_015632804.1,1064,2,42,42,proteome
XP_015636167.1,1064,2,42,42,proteome
XP_015646654.1,1064,2,42,42,proteome
XP_025879301.1,1064,2,42,42,proteome
XP_015614140.1,1063,2,41,41,proteome
XP_015616919.1,1063,2,41,41,proteome
XP_015620154.1,1063,2,41,41,proteome
XP_025878981.1,1063,2,41,41,proteome
XP_015615106.1,1062,2,40,40,proteome
XP_015622285.1,1062,2,40,40,proteome
XP_015622286.1,1062,2,40,40,proteome
XP_015630458.1,1062,2,40,40,proteome
XP_015639991.1,1062,2,40,40,proteome
XP_015650824.1,1062,2,40,40,proteome
XP_025882034.1,1062,2,40,40,proteome
XP_015613099.1,1061,2,39,39,proteome
XP_015613100.1,1061,2,39,39,proteome
XP_015615505.1,1061,2,39,39,proteome
XP_015622132.1,1061,2,39,39,proteome
XP_015622426.1,1061,2,39,39,proteome
XP_015626026.1,1061,2,39,39,proteome
XP_015637011.2,1061,2,39,39,proteome
XP_015640804.1,1061,2,39,39,proteome
XP_015642007.1,1061,2,39,39,proteome
XP_015648598.1,1061,2,39,39,proteome
XP_025876750.1,1061,2,39,39,proteome
XP_015611225.1,1060,2,38,38,proteome
XP_015624354.2,1060,2,38,38,proteome
XP_015627388.1,1060,2,38,38,proteome
XP_015642937.1,1060,2,38,38,proteome
XP_015649905.1,1060,2,38,38,proteome
XP_025880762.1,1060,2,38,38,proteome
XP_025882530.1,1060,2,38,38,proteome
XP_015615027.1,1059,2,37,37,proteome
XP_015615175.1,1059,2,37,37,proteome
XP_015620863.1,1059,2,37,37,proteome
XP_015630016.1,1059,2,37,37,proteome
XP_015631467.1,1059,2,37,37,proteome
XP_015631468.1,1059,2,37,37,proteome
XP_015631472.1,1059,2,37,37,proteome
XP_015631473.1,1059,2,37,37,proteome
XP_015647565.1,1059,2,37,37,proteome
XP_025879147.1,1059,2,37,37,proteome
XP_025879580.1,1059,2,37,37,proteome
XP_015620864.1,1058,2,36,36,proteome
XP_015629235.1,1058,2,36,36,proteome
XP_015632774.1,1058,2,36,36,proteome
XP_015647669.1,1058,2,36,36,proteome
XP_015649906.1,1058,2,36,36,proteome
XP_025877418.1,1058,2,36,36,proteome
XP_025879581.1,1058,2,36,36,proteome
XP_015620865.1,1057,2,35,35,proteome
XP_015621068.2,1057,2,35,35,proteome
XP_015621641.1,1057,2,35,35,proteome
XP_015621708.1,1057,2,35,35,proteome
XP_015630552.1,1057,2,35,35,proteome
XP_015632775.1,1057,2,35,35,proteome
XP_015634955.1,1057,2,35,35,proteome
XP_015637135.1,1057,2,35,35,proteome
XP_015647370.1,1057,2,35,35,proteome
XP_025881035.1,1057,2,35,35,proteome
XP_015620247.1,1056,2,34,34,proteome
XP_015620248.1,1056,2,34,34,proteome
XP_015620533.1,1056,2,34,34,proteome
XP_015624846.2,1056,2,34,34,proteome
XP_015631297.1,1056,2,34,34,proteome
XP_015635437.1,1056,2,34,34,proteome
XP_015635636.1,1056,2,34,34,proteome
XP_015639197.1,1056,2,34,34,proteome
XP_015639198.1,1056,2,34,34,proteome
XP_015643841.1,1056,2,34,34,proteome
XP_015648119.1,1056,2,34,34,proteome
XP_015611981.1,1055,2,33,33,proteome
XP_015612279.1,1055,2,33,33,proteome
XP_015612496.1,1055,2,33,33,proteome
XP_015616445.1,1055,2,33,33,proteome
XP_015639773.1,1055,2,33,33,proteome
XP_015640511.2,1055,2,33,33,proteome
XP_015643020.1,1055,2,33,33,proteome
XP_015644208.2,1055,2,33,33,proteome
XP_015651225.1,1055,2,33,33,proteome
XP_025875804.1,1055,2,33,33,proteome
XP_025879498.1,1055,2,33,33,proteome
XP_015614893.1,1054,2,32,32,proteome
XP_015615532.1,1054,2,32,32,proteome
XP_015620319.1,1054,2,32,32,proteome
XP_015620320.1,1054,2,32,32,proteome
XP_015628682.1,1054,2,32,32,proteome
XP_015630957.1,1054,2,32,32,proteome
XP_015636023.1,1054,2,32,32,proteome
XP_015636024.1,1054,2,32,32,proteome
XP_015642966.1,1054,2,32,32,proteome
XP_015644209.2,1054,2,32,32,proteome
XP_025877532.1,1054,2,32,32,proteome
XP_025877533.1,1054,2,32,32,proteome
XP_025877835.1,1054,2,32,32,proteome
XP_025880656.1,1054,2,32,32,proteome
XP_015615761.1,1053,2,31,31,proteome
XP_015617791.1,1053,2,31,31,proteome
XP_015617792.1,1053,2,31,31,proteome
XP_025881204.1,1053,2,31,31,proteome
XP_015614463.1,1052,2,30,30,proteome
XP_015617704.1,1052,2,30,30,proteome
XP_015626989.1,1052,2,30,30,proteome
XP_015645442.1,1052,2,30,30,proteome
XP_015646957.1,1052,2,30,30,proteome
XP_015621243.1,1051,2,29,29,proteome
XP_015629988.1,1051,2,29,29,proteome
XP_015636089.1,1051,2,29,29,proteome
XP_015637087.1,1051,2,29,29,proteome
XP_015650435.1,1051,2,29,29,proteome
XP_015615702.2,1050,2,28,28,proteome
XP_015619387.1,1050,2,28,28,proteome
XP_015619396.1,1050,2,28,28,proteome
XP_015621425.1,1050,2,28,28,proteome
XP_015650106.1,1050,2,28,28,proteome
XP_025876084.1,1050,2,28,28,proteome
XP_025877419.1,1050,2,28,28,proteome
XP_025880834.1,1050,2,28,28,proteome
XP_015612169.1,1049,2,27,27,proteome
XP_015624498.1,1049,2,27,27,proteome
XP_015626472.1,1049,2,27,27,proteome
XP_015631376.2,1049,2,27,27,proteome
XP_015631496.1,1049,2,27,27,proteome
XP_015640805.1,1049,2,27,27,proteome
XP_015647694.1,1049,2,27,27,proteome
XP_015650120.1,1049,2,27,27,proteome
XP_025878982.1,1049,2,27,27,proteome
XP_025882860.1,1049,2,27,27,proteome
XP_015614843.1,1048,2,26,26,proteome
XP_015614977.1,1048,2,26,26,proteome
XP_015615229.1,1048,2,26,26,proteome
XP_015615802.1,1048,2,26,26,proteome
XP_015616364.1,1048,2,26,26,proteome
XP_015616970.1,1048,2,26,26,proteome
XP_015616971.1,1048,2,26,26,proteome
XP_015624189.1,1048,2,26,26,proteome
XP_015624190.1,1048,2,26,26,proteome
XP_015629412.1,1048,2,26,26,proteome
XP_015630383.1,1048,2,26,26,proteome
XP_015633554.1,1048,2,26,26,proteome
XP_015643029.1,1048,2,26,26,proteome
XP_025877255.1,1048,2,26,26,proteome
XP_025877256.1,1048,2,26,26,proteome
XP_025877257.1,1048,2,26,26,proteome
XP_025877258.1,1048,2,26,26,proteome
XP_025877260.1,1048,2,26,26,proteome
XP_025877261.1,1048,2,26,26,proteome
XP_025877262.1,1048,2,26,26,proteome
XP_025877263.1,1048,2,26,26,proteome
XP_025877264.1,1048,2,26,26,proteome
XP_025877265.1,1048,2,26,26,proteome
XP_025877266.1,1048,2,26,26,proteome
XP_025877426.1,1048,2,26,26,proteome
XP_025877427.1,1048,2,26,26,proteome
XP_015614452.1,1047,2,25,25,proteome
XP_015632125.1,1047,2,25,25,proteome
XP_015643030.1,1047,2,25,25,proteome
XP_015614421.1,1046,2,24,24,proteome
XP_015617355.2,1046,2,24,24,proteome
XP_015626473.1,1046,2,24,24,proteome
XP_015630284.1,1046,2,24,24,proteome
XP_015630285.1,1046,2,24,24,proteome
XP_015631008.1,1046,2,24,24,proteome
XP_015639322.2,1046,2,24,24,proteome
XP_015614996.1,1045,2,23,23,proteome
XP_015614997.1,1045,2,23,23,proteome
XP_015614999.1,1045,2,23,23,proteome
XP_015615000.1,1045,2,23,23,proteome
XP_015615692.1,1045,2,23,23,proteome
XP_015615693.1,1045,2,23,23,proteome
XP_015631009.1,1045,2,23,23,proteome
XP_015634956.1,1045,2,23,23,proteome
XP_015645092.2,1045,2,23,23,proteome
XP_015646469.2,1045,2,23,23,proteome
XP_015647670.1,1045,2,23,23,proteome
XP_025877437.1,1045,2,23,23,proteome
XP_025878533.1,1045,2,23,23,proteome
XP_025881354.1,1045,2,23,23,proteome
XP_015612170.1,1044,2,22,22,proteome
XP_015617985.1,1044,2,22,22,proteome
XP_015619411.1,1044,2,22,22,proteome
XP_015621385.1,1044,2,22,22,proteome
XP_015630286.1,1044,2,22,22,proteome
XP_015632355.1,1044,2,22,22,proteome
XP_025880016.1,1044,2,22,22,proteome
XP_025880017.1,1044,2,22,22,proteome
XP_025880127.1,1044,2,22,22,proteome
XP_015621831.1,1043,2,21,21,proteome
XP_015621941.1,1043,2,21,21,proteome
XP_015630287.1,1043,2,21,21,proteome
XP_015615773.1,1042,2,20,20,proteome
XP_015621594.1,1042,2,20,20,proteome
XP_015633555.1,1042,2,20,20,proteome
XP_015636114.1,1042,2,20,20,proteome
XP_015615781.1,1041,2,19,19,proteome
XP_015629078.1,1041,2,19,19,proteome
XP_015631820.1,1041,2,19,19,proteome
XP_015636115.1,1041,2,19,19,proteome
XP_015643313.1,1041,2,19,19,proteome
XP_015647012.1,1041,2,19,19,proteome
XP_015650107.1,1041,2,19,19,proteome
XP_015650285.1,1041,2,19,19,proteome
XP_015616446.1,1040,2,18,18,proteome
XP_015616447.1,1040,2,18,18,proteome
XP_015626818.1,1040,2,18,18,proteome
XP_015631279.1,1040,2,18,18,proteome
XP_015631280.1,1040,2,18,18,proteome
XP_015632124.1,1040,2,18,18,proteome
XP_015638032.1,1040,2,18,18,proteome
XP_025878980.1,1040,2,18,18,proteome
XP_015612267.1,1039,2,17,17,proteome
XP_015613825.1,1039,2,17,17,proteome
XP_015615401.2,1039,2,17,17,proteome
XP_015617347.1,1039,2,17,17,proteome
XP_015620481.1,1039,2,17,17,proteome
XP_015632812.1,1039,2,17,17,proteome
XP_015634957.1,1039,2,17,17,proteome
XP_015636159.1,1039,2,17,17,proteome
XP_015636160.1,1039,2,17,17,proteome
XP_015647696.1,1039,2,17,17,proteome
XP_025877619.1,1039,2,17,17,proteome
XP_025879450.1,1039,2,17,17,proteome
XP_015615337.1,1038,2,16,16,proteome
XP_015628923.1,1038,2,16,16,proteome
XP_015632088.1,1038,2,16,16,proteome
XP_015636770.1,1038,2,16,16,proteome
XP_015640222.1,1038,2,16,16,proteome
XP_015642511.1,1038,2,16,16,proteome
XP_015647698.1,1038,2,16,16,proteome
XP_025879499.1,1038,2,16,16,proteome
XP_015616297.1,1037,2,15,15,proteome
XP_015617464.1,1037,2,15,15,proteome
XP_015623127.1,1037,2,15,15,proteome
XP_015636790.1,1037,2,15,15,proteome
XP_015643064.1,1037,2,15,15,proteome
XP_015647821.1,1037,2,15,15,proteome
XP_015649960.1,1037,2,15,15,proteome
XP_015617374.1,1036,2,14,14,proteome
XP_015631507.1,1036,2,14,14,proteome
XP_015634984.1,1036,2,14,14,proteome
XP_015644370.1,1036,2,14,14,proteome
XP_015648993.1,1036,2,14,14,proteome
XP_015612252.1,1035,2,13,13,proteome
XP_015613068.1,1035,2,13,13,proteome
XP_015616915.1,1035,2,13,13,proteome
XP_015620178.1,1035,2,13,13,proteome
XP_015623598.1,1035,2,13,13,proteome
XP_015629845.1,1035,2,13,13,proteome
XP_015632643.1,1035,2,13,13,proteome
XP_015632701.2,1035,2,13,13,proteome
XP_015646703.1,1035,2,13,13,proteome
XP_015650229.1,1035,2,13,13,proteome
XP_015612253.1,1034,2,12,12,proteome
XP_015626771.1,1034,2,12,12,proteome
XP_015636011.1,1034,2,12,12,proteome
XP_015636217.1,1034,2,12,12,proteome
XP_015650108.1,1034,2,12,12,proteome
XP_015613259.1,1033,2,11,11,proteome
XP_015613492.1,1033,2,11,11,proteome
XP_015617527.1,1033,2,11,11,proteome
XP_015617528.1,1033,2,11,11,proteome
XP_015617680.1,1033,2,11,11,proteome
XP_015620642.1,1033,2,11,11,proteome
XP_015620925.1,1033,2,11,11,proteome
XP_015638845.1,1033,2,11,11,proteome
XP_015638846.1,1033,2,11,11,proteome
XP_015645319.1,1033,2,11,11,proteome
XP_015650956.1,1033,2,11,11,proteome
XP_025877388.1,1033,2,11,11,proteome
XP_025878723.1,1033,2,11,11,proteome
XP_015616935.1,1032,2,10,10,proteome
XP_015617318.1,1032,2,10,10,proteome
XP_015636766.1,1032,2,10,10,proteome
XP_015638339.1,1032,2,10,10,proteome
XP_015639840.1,1032,2,10,10,proteome
XP_015616937.1,1031,2,9,9,proteome
XP_015617320.1,1031,2,9,9,proteome
XP_015623820.1,1031,2,9,9,proteome
XP_015636257.1,1031,2,9,9,proteome
XP_015643657.1,1031,2,9,9,proteome
XP_015648911.1,1031,2,9,9,proteome
XP_015649719.1,1031,2,9,9,proteome
XP_015616479.1,1030,2,8,8,proteome
XP_015626151.1,1030,2,8,8,proteome
XP_015626633.1,1030,2,8,8,proteome
XP_015628843.1,1030,2,8,8,proteome
XP_015631248.1,1030,2,8,8,proteome
XP_015631734.1,1030,2,8,8,proteome
XP_015631735.1,1030,2,8,8,proteome
XP_015631736.1,1030,2,8,8,proteome
XP_015631738.1,1030,2,8,8,proteome
XP_015634513.1,1030,2,8,8,proteome
XP_015634890.1,1030,2,8,8,proteome
XP_015636558.1,1030,2,8,8,proteome
XP_015637220.1,1030,2,8,8,proteome
XP_015639480.1,1030,2,8,8,proteome
XP_015640834.1,1030,2,8,8,proteome
XP_015646123.1,1030,2,8,8,proteome
XP_015650355.1,1030,2,8,8,proteome
XP_025876331.1,1030,2,8,8,proteome
XP_015614640.1,1029,2,7,7,proteome
XP_015618215.1,1029,2,7,7,proteome
XP_015626635.1,1029,2,7,7,proteome
XP_015627294.1,1029,2,7,7,proteome
XP_015631249.1,1029,2,7,7,proteome
XP_015631378.1,1029,2,7,7,proteome
XP_015632935.1,1029,2,7,7,proteome
XP_015633454.1,1029,2,7,7,proteome
XP_015636304.1,1029,2,7,7,proteome
XP_015639481.1,1029,2,7,7,proteome
XP_015626986.1,1028,2,6,6,proteome
XP_015627295.1,1028,2,6,6,proteome
XP_015634958.1,1028,2,6,6,proteome
XP_015636305.1,1028,2,6,6,proteome
XP_015636557.1,1028,2,6,6,proteome
XP_015639482.1,1028,2,6,6,proteome
XP_015650972.1,1028,2,6,6,proteome
XP_015615812.1,1027,2,5,5,proteome
XP_015617361.1,1027,2,5,5,proteome
XP_015617363.1,1027,2,5,5,proteome
XP_015617364.1,1027,2,5,5,proteome
XP_015634174.1,1027,2,5,5,proteome
XP_015634175.1,1027,2,5,5,proteome
XP_015636796.1,1027,2,5,5,proteome
XP_015636797.1,1027,2,5,5,proteome
XP_015636798.1,1027,2,5,5,proteome
XP_015643590.1,1027,2,5,5,proteome
XP_015644275.1,1027,2,5,5,proteome
XP_015648958.1,1027,2,5,5,proteome
XP_025876921.1,1027,2,5,5,proteome
XP_025881678.1,1027,2,5,5,proteome
XP_015630998.1,1026,2,4,4,proteome
XP_015631089.1,1026,2,4,4,proteome
XP_015642938.1,1026,2,4,4,proteome
XP_015644063.1,1026,2,4,4,proteome
XP_015644064.1,1026,2,4,4,proteome
XP_015644065.1,1026,2,4,4,proteome
XP_015644066.1,1026,2,4,4,proteome
XP_015644067.1,1026,2,4,4,proteome
XP_015644068.1,1026,2,4,4,proteome
XP_025882084.1,1026,2,4,4,proteome
XP_015614836.1,1025,2,3,3,proteome
XP_015614837.1,1025,2,3,3,proteome
XP_015621121.1,1025,2,3,3,proteome
XP_015625313.1,1025,2,3,3,proteome
XP_015631090.1,1025,2,3,3,proteome
XP_015632845.1,1025,2,3,3,proteome
XP_015633508.1,1025,2,3,3,proteome
XP_015636432.1,1025,2,3,3,proteome
XP_015638740.1,1025,2,3,3,proteome
XP_015643529.1,1025,2,3,3,proteome
XP_015643591.1,1025,2,3,3,proteome
XP_015648973.1,1025,2,3,3,proteome
XP_015614396.1,1024,2,2,2,proteome
XP_015615096.1,1024,2,2,2,proteome
XP_015615098.1,1024,2,2,2,proteome
XP_015615099.1,1024,2,2,2,proteome
XP_015617348.1,1024,2,2,2,proteome
XP_015620417.1,1024,2,2,2,proteome
XP_015633556.1,1024,2,2,2,proteome
XP_015643377.1,1024,2,2,2,proteome
XP_015649961.1,1024,2,2,2,proteome
XP_025875883.1,1024,2,2,2,proteome
XP_025877046.1,1024,2,2,2,proteome
XP_025877329.1,1024,2,2,2,proteome
XP_025879500.1,1024,2,2,2,proteome
XP_025880337.1,1024,2,2,2,proteome
XP_015614397.1,1023,2,1,1,proteome
XP_015614894.1,1023,2,1,1,proteome
XP_015631092.1,1023,2,1,1,proteome
XP_015639169.1,1023,2,1,1,proteome
XP_015642894.2,1023,2,1,1,proteome
XP_015644456.1,1023,2,1,1,proteome
XP_015644457.1,1023,2,1,1,proteome
XP_015644458.1,1023,2,1,1,proteome
XP_015644671.1,1023,2,1,1,proteome
XP_015648141.1,1023,2,1,1,proteome
XP_015649544.1,1023,2,1,1,proteome
XP_025876642.1,1023,2,1,1,proteome
